Username,EnterpriseID,StatusPernikahan,JenisKelamin,StatusKepegawaian,Pekerjaan,JenjangKarir,PerformancePegawai,AsalDaerah,HiringPlatform,SkorSurveyEngagement,SkorKepuasanPegawai,JumlahKeikutsertaanProjek,JumlahKeterlambatanSebulanTerakhir,JumlahKetidakhadiran,NomorHP,Email,TingkatPendidikan,PernahBekerja,IkutProgramLOP,AlasanResign,TanggalLahir,TanggalHiring,TanggalPenilaianKaryawan,TanggalResign
spiritedPorpoise3,111065,Belum_menikah,Pria,Outsource,Software Engineer (Back End),Freshgraduate_program,Sangat_bagus,Jakarta Timur,Employee_Referral,4,4.0,0.0,0.0,9.0,+6282232522xxx,spiritedPorpoise3135@yahoo.com,Magister,1,1.0,masih_bekerja,1972-07-01,2011-01-10,2016-2-15,-
jealousGelding2,106080,Belum_menikah,Pria,FullTime,Data Analyst,Freshgraduate_program,Sangat_kurang,Jakarta Utara,Website,4,4.0,4.0,0.0,3.0,+6281270745xxx,jealousGelding2239@yahoo.com,Sarjana,1,1.0,toxic_culture,1984-04-26,2014-01-06,2020-1-17,2018-6-16
pluckyMuesli3,106452,Menikah,Pria,FullTime,Software Engineer (Front End),Freshgraduate_program,Bagus,Jakarta Timur,Indeed,4,3.0,0.0,0.0,11.0,+6281346215xxx,pluckyMuesli3961@icloud.com,Magister,1,1.0,jam_kerja,1974-01-07,2011-01-10,2016-01-10,2014-9-24
stressedTruffle1,106325,Belum_menikah,Pria,Outsource,Software Engineer (Front End),Freshgraduate_program,Bagus,Jakarta Pusat,LinkedIn,3,3.0,0.0,4.0,6.0,+6283233846xxx,stressedTruffle1406@hotmail.com,Sarjana,1,0.0,masih_bekerja,1979-11-24,2014-2-17,2020-02-04,-
shyTermite7,111171,Belum_menikah,Wanita,FullTime,Product Manager,Freshgraduate_program,Bagus,Jakarta Timur,LinkedIn,3,3.0,0.0,0.0,11.0,+6287883263xxx,shyTermite7149@gmail.com,Sarjana,1,0.0,ganti_karir,1974-11-07,2013-11-11,2020-1-22,2018-09-06
emptyMacaw4,106419,Belum_menikah,Wanita,Outsource,Software Engineer (Front End),Senior_level,Biasa,Jakarta Selatan,Indeed,3,4.0,6.0,0.0,10.0,+6283886053xxx,emptyMacaw4468@yahoo.com,Sarjana,1,0.0,masih_bekerja,1980-05-12,2016-10-02,2020-02-06,-
madZebra1,100309,Menikah,Wanita,FullTime,Data Analyst,Freshgraduate_program,Biasa,Jakarta Utara,LinkedIn,2,3.0,4.0,0.0,19.0,+6285735701xxx,madZebra1244@icloud.com,Sarjana,1,,masih_bekerja,1979-05-24,2014-11-10,2020-01-02,-
cynicalMandrill7,110500,Belum_menikah,Pria,FullTime,Software Engineer (Back End),Senior_level,Kurang,Jakarta Selatan,LinkedIn,2,5.0,0.0,0.0,4.0,+6281293511xxx,cynicalMandrill7920@hotmail.com,Magister,1,,masih_bekerja,1983-08-24,2013-07-08,2020-1-14,-
lyingMussel8,110533,Bercerai,Pria,FullTime,Software Engineer (Android),Senior_level,Sangat_kurang,Jakarta Selatan,Employee_Referral,3,,0.0,0.0,5.0,+6281276485xxx,lyingMussel8944@proton.com,Magister,1,,masih_bekerja,1980-08-26,2016-07-06,2020-2-28,-
enviousMoth4,110927,Menikah,Wanita,FullTime,Software Engineer (Android),Freshgraduate_program,Sangat_bagus,Jakarta Pusat,Indeed,4,5.0,6.0,0.0,4.0,+6281391211xxx,enviousMoth4516@yahoo.com,Sarjana,1,,masih_bekerja,1984-02-21,2015-3-30,2020-01-03,-
puzzledCake4,105548,Belum_menikah,Pria,FullTime,Software Engineer (Front End),Mid_level,Kurang,Jakarta Timur,CareerBuilder,3,2.0,0.0,3.0,3.0,+6281263218xxx,puzzledCake4844@icloud.com,Sarjana,1,1.0,ganti_karir,1975-12-17,2010-7-20,2020-1-14,2019-01-12
grizzledSnipe7,111354,Bercerai,Wanita,FullTime,Software Engineer (Back End),Senior_level,Sangat_bagus,Jakarta Barat,CareerBuilder,1,5.0,0.0,5.0,2.0,+6289987666xxx,grizzledSnipe7992@outlook.com,Magister,1,,tidak_bahagia,1989-07-18,2011-07-05,2016-02-06,2018-9-19
yearningBagels0,100895,Menikah,Pria,FullTime,Software Engineer (Back End),Freshgraduate_program,Biasa,Jakarta Pusat,LinkedIn,4,3.0,0.0,0.0,50.0,+6287794061xxx,yearningBagels0311@outlook.com,Magister,1,,masih_bekerja,1988-08-10,2013-11-11,2020-01-08,-
sheepishSheep9,110783,Menikah,Wanita,Outsource,Software Engineer (Back End),Freshgraduate_program,Bagus,Jakarta Selatan,LinkedIn,3,4.0,0.0,0.0,12.0,+6282234433xxx,sheepishSheep9611@outlook.com,Sarjana,1,,masih_bekerja,1983-12-02,2011-5-16,2020-2-26,-
madWildfowl7,105507,Menikah,Wanita,FullTime,Software Engineer (Back End),Freshgraduate_program,Biasa,Jakarta Selatan,Indeed,3,4.0,0.0,0.0,3.0,+6281965329xxx,madWildfowl7630@gmail.com,Sarjana,1,,ganti_karir,1983-08-27,2011-6-27,2016-03-10,2019-04-06
enviousSalami4,106710,Belum_menikah,Wanita,FullTime,Software Engineer (Front End),Senior_level,Sangat_kurang,Jakarta Utara,LinkedIn,3,3.0,0.0,0.0,,+6285856642xxx,enviousSalami4948@hotmail.com,Doktor,1,,toxic_culture,1985-03-15,2011-01-10,2015-01-05,2019-08-04
pacifiedRaisins7,101236,Menikah,Pria,FullTime,Product Manager,Freshgraduate_program,Bagus,Jakarta Pusat,Diversity_Job_Fair,3,4.0,0.0,0.0,12.0,+6289563833xxx,pacifiedRaisins7330@outlook.com,Sarjana,1,,masih_bekerja,1976-12-03,2012-01-09,2020-1-31,-
wrathfulMagpie6,105985,Belum_menikah,Wanita,FullTime,Software Engineer (Android),Freshgraduate_program,Sangat_bagus,Jakarta Barat,LinkedIn,3,4.0,0.0,0.0,11.0,+6285998643xxx,wrathfulMagpie6981@gmail.com,Sarjana,1,,masih_bekerja,1986-11-06,2011-07-05,2020-2-25,-
hushedSeahorse7,111202,Bercerai,Wanita,FullTime,Data Analyst,Freshgraduate_program,Sangat_bagus,Jakarta Pusat,Diversity_Job_Fair,3,4.0,0.0,0.0,17.0,+6281212698xxx,hushedSeahorse7404@icloud.com,Sarjana,1,1.0,internal_conflict,1968-05-30,2012-04-02,2017-02-05,2017-09-12
guiltyMoth4,100621,Lainnya,Pria,FullTime,Software Engineer (Back End),Freshgraduate_program,Biasa,Jakarta Utara,Indeed,1,2.0,0.0,4.0,9.0,+6289723429xxx,guiltyMoth4337@icloud.com,Sarjana,1,,masih_bekerja,1967-04-19,2014-07-07,2020-1-31,-
peacefulCoati5,100301,Menikah,Wanita,FullTime,Product Manager,Senior_level,Sangat_bagus,Jakarta Utara,LinkedIn,4,5.0,0.0,0.0,15.0,+6283355427xxx,peacefulCoati5154@yahoo.com,Sarjana,1,,masih_bekerja,1977-05-22,2012-01-09,2020-01-07,-
dejectedPolenta7,101120,Lainnya,Wanita,FullTime,Scrum Master,Mid_level,Sangat_kurang,Jakarta Barat,Indeed,3,4.0,,0.0,,+6285591576xxx,dejectedPolenta7016@proton.com,Sarjana,1,,masih_bekerja,1981-03-26,2011-07-05,2019-03-02,-
needfulLeopard2,101124,Menikah,Pria,Outsource,Product Design (UX Researcher),Freshgraduate_program,Bagus,Jakarta Selatan,LinkedIn,3,3.0,0.0,0.0,7.0,+6285777032xxx,needfulLeopard2944@gmail.com,Magister,1,,masih_bekerja,1979-03-19,2013-07-08,2020-2-18,-
offendedIguana0,110788,Belum_menikah,Wanita,Outsource,Software Engineer (Back End),Freshgraduate_program,Bagus,Jakarta Pusat,LinkedIn,3,3.0,0.0,0.0,19.0,+6289531301xxx,offendedIguana0059@yahoo.com,Doktor,1,,masih_bekerja,1990-10-01,2015-3-30,2020-1-16,-
pluckyHoopoe3,105394,Bercerai,Wanita,Outsource,Product Design (UI & UX),Freshgraduate_program,Bagus,Jakarta Timur,CareerBuilder,1,3.0,0.0,2.0,3.0,+6281251580xxx,pluckyHoopoe3654@yahoo.com,Sarjana,1,,ganti_karir,1990-09-21,2011-04-04,2020-2-27,2016-04-04
needySyrup4,101226,Bercerai,Pria,FullTime,Product Manager,Freshgraduate_program,Biasa,Jakarta Pusat,Diversity_Job_Fair,2,,6.0,4.0,13.0,+6283112696xxx,needySyrup4506@hotmail.com,Magister,1,,ganti_karir,1986-10-05,2012-2-15,2020-2-22,2018-2-19
forsakenOwl1,105911,Belum_menikah,Wanita,FullTime,Software Engineer (Back End),Freshgraduate_program,Bagus,Jakarta Barat,CareerBuilder,4,3.0,0.0,0.0,15.0,+6283851827xxx,forsakenOwl1469@outlook.com,Magister,1,,masih_bekerja,1972-08-27,2011-01-10,2014-1-30,-
pluckyApples4,110566,Menikah,Wanita,FullTime,Software Engineer (Front End),Senior_level,Biasa,Jakarta Selatan,LinkedIn,3,5.0,0.0,0.0,15.0,+6281988935xxx,pluckyApples4880@icloud.com,Sarjana,1,,Product Design (UI & UX),1987-04-10,2016-07-06,2020-1-28,2016-08-07
guiltySnail8,106577,Belum_menikah,Wanita,Outsource,Software Engineer (Back End),Freshgraduate_program,Kurang,Jakarta Selatan,Employee_Referral,3,3.0,0.0,0.0,16.0,+6281228852xxx,guiltySnail8568@outlook.com,Sarjana,1,,ganti_karir,1965-02-02,2013-11-11,2020-1-24,2015-6-15
grizzledFlamingo9,106473,Menikah,Wanita,FullTime,Software Engineer (Back End),Mid_level,Biasa,Jakarta Utara,LinkedIn,4,3.0,7.0,0.0,,+6289673952xxx,grizzledFlamingo9139@proton.com,Doktor,1,,masih_bekerja,1973-05-27,2015-01-05,2019-2-13,-
worriedSyrup7,100603,Menikah,Pria,FullTime,Software Engineer (Android),Freshgraduate_program,Kurang,Jakarta Timur,Indeed,4,4.0,0.0,0.0,14.0,+6281989141xxx,worriedSyrup7917@yahoo.com,Sarjana,1,,masih_bekerja,1977-10-31,2011-5-16,2017-04-02,-
somberBoars0,106411,Bercerai,Pria,Outsource,Software Engineer (Front End),Mid_level,Bagus,Jakarta Barat,Diversity_Job_Fair,3,4.0,0.0,0.0,4.0,+6281307483xxx,somberBoars0230@proton.com,Magister,1,,masih_bekerja,1984-11-06,2011-2-21,2015-4-19,-
giddyMallard9,100730,Belum_menikah,Pria,FullTime,Software Engineer (Android),Mid_level,Kurang,Jakarta Pusat,Indeed,1,5.0,0.0,6.0,15.0,+6283300431xxx,giddyMallard9195@icloud.com,Magister,1,,ganti_karir,1989-10-18,2015-05-11,2020-01-03,2016-08-02
madFerret4,106540,Belum_menikah,Wanita,Outsource,Software Engineer (Front End),Freshgraduate_program,Biasa,Jakarta Pusat,LinkedIn,3,3.0,6.0,0.0,7.0,+6281222388xxx,madFerret4760@hotmail.com,Magister,1,,masih_bekerja,1981-04-14,2014-9-30,2020-01-07,-
mereCaribou1,106529,Belum_menikah,Wanita,Outsource,Software Engineer (Back End),Freshgraduate_program,Biasa,Jakarta Utara,LinkedIn,3,3.0,0.0,0.0,2.0,+6282206634xxx,mereCaribou1593@gmail.com,Sarjana,1,,masih_bekerja,1988-07-10,2014-9-29,2020-2-18,-
decimalAbalone6,110848,Menikah,Wanita,FullTime,Software Engineer (Back End),Mid_level,Biasa,Jakarta Pusat,LinkedIn,3,3.0,0.0,0.0,20.0,+6283327274xxx,decimalAbalone6779@outlook.com,Magister,1,,masih_bekerja,1986-05-25,2014-05-12,2020-02-07,-
blissfulMussel3,105437,Belum_menikah,Wanita,FullTime,Software Engineer (Front End),Mid_level,Bagus,Jakarta Timur,Google_Search,2,5.0,0.0,1.0,19.0,+6289998200xxx,blissfulMussel3985@outlook.com,Sarjana,1,,masih_bekerja,1964-06-01,2011-8-15,2014-02-10,-
ardentLapwing0,110342,Belum_menikah,Pria,FullTime,Product Manager,Freshgraduate_program,Bagus,Jakarta Barat,Google_Search,3,4.0,0.0,0.0,7.0,+6289811806xxx,ardentLapwing0588@gmail.com,Sarjana,1,,masih_bekerja,1983-07-20,2012-2-20,2020-2-14,-
peskyTeal7,110552,Belum_menikah,Pria,FullTime,Software Engineer (Front End),Freshgraduate_program,Sangat_bagus,Jakarta Pusat,Indeed,2,5.0,0.0,0.0,15.0,+6289729171xxx,peskyTeal7261@icloud.com,Sarjana,1,,masih_bekerja,1983-03-19,2009-01-05,2020-02-04,-
blissfulHyena1,111140,Bercerai,Wanita,FullTime,Digital Product Manager,Freshgraduate_program,Bagus,Jakarta Timur,Indeed,3,4.0,0.0,0.0,19.0,+6289713466xxx,blissfulHyena1934@hotmail.com,Sarjana,1,,masih_bekerja,1982-03-28,2013-8-19,2020-02-12,-
solidMacaw1,100373,Belum_menikah,Pria,Outsource,Product Design (UI & UX),Freshgraduate_program,Sangat_kurang,Jakarta Selatan,LinkedIn,3,4.0,0.0,0.0,13.0,+6281872169xxx,solidMacaw1167@gmail.com,Magister,1,,masih_bekerja,1979-04-06,2013-07-08,2020-01-11,-
cautiousPolenta9,106561,Lainnya,Pria,Outsource,Software Engineer (Back End),Freshgraduate_program,Bagus,Jakarta Selatan,Indeed,3,3.0,0.0,0.0,4.0,+6281207070xxx,cautiousPolenta9061@proton.com,Magister,1,,masih_bekerja,1963-10-30,2014-9-29,2020-1-28,-
excludedPorpoise4,110363,Bercerai,Wanita,Outsource,Product Design (UI & UX),Freshgraduate_program,Sangat_bagus,Jakarta Barat,Google_Search,4,5.0,0.0,0.0,12.0,+6289919120xxx,excludedPorpoise4252@icloud.com,Sarjana,1,1.0,masih_bekerja,1970-10-27,2011-04-04,2020-1-14,-
shamefulIguana0,101682,Lainnya,Wanita,FullTime,Software Engineer (Back End),Freshgraduate_program,Bagus,Jakarta Barat,Indeed,3,5.0,0.0,0.0,4.0,+6281210001xxx,shamefulIguana0780@yahoo.com,Magister,1,0.0,masih_bekerja,1967-06-05,2013-2-18,2020-1-14,-
shySyrup7,105543,Belum_menikah,Pria,FullTime,Software Engineer (Front End),Freshgraduate_program,Bagus,Jakarta Barat,LinkedIn,1,3.0,0.0,5.0,16.0,+6281238359xxx,shySyrup7423@yahoo.com,Magister,1,,masih_bekerja,1979-08-12,2011-07-11,2017-05-01,-
forsakenCow7,101626,Belum_menikah,Wanita,FullTime,Software Engineer (Back End),Senior_level,Sangat_bagus,Jakarta Pusat,Indeed,3,4.0,0.0,0.0,18.0,+6285742730xxx,forsakenCow7683@gmail.com,Doktor,1,,masih_bekerja,1989-05-12,2010-9-27,2020-1-31,-
grumpyFish4,110505,Belum_menikah,Pria,FullTime,Software Engineer (Front End),Mid_level,Sangat_bagus,Jakarta Barat,Employee_Referral,2,5.0,0.0,0.0,17.0,+6289521535xxx,grumpyFish4017@hotmail.com,Sarjana,1,,kejelasan_karir,1970-06-11,2012-5-14,2020-1-19,2017-11-15
wingedPorpoise5,106141,Belum_menikah,Wanita,FullTime,Product Design (UI & UX),Senior_level,Bagus,Jakarta Barat,Website,4,3.0,0.0,0.0,6.0,+6289691256xxx,wingedPorpoise5929@outlook.com,Sarjana,1,,masih_bekerja,1975-10-22,2015-2-16,2020-1-23,-
soreCaribou0,111250,Belum_menikah,Wanita,FullTime,Product Design (UI & UX),Freshgraduate_program,Biasa,Jakarta Pusat,LinkedIn,3,4.0,0.0,0.0,18.0,+6285700061xxx,soreCaribou0431@outlook.com,Magister,1,,masih_bekerja,1984-07-07,2013-04-01,2020-1-17,-
needfulCardinal0,105390,Bercerai,Wanita,Outsource,Software Engineer (Back End),Senior_level,Bagus,Jakarta Timur,Indeed,4,3.0,0.0,0.0,19.0,+6281206622xxx,needfulCardinal0741@proton.com,Magister,1,,tidak_bahagia,1989-09-01,2014-07-07,2020-2-27,2015-01-07
giddyCheetah9,100381,Menikah,Wanita,FullTime,Product Design (UI & UX),Freshgraduate_program,Sangat_kurang,Jakarta Pusat,Indeed,3,3.0,0.0,0.0,2.0,+6282295263xxx,giddyCheetah9745@icloud.com,Sarjana,1,,ganti_karir,1958-12-27,2013-8-19,2020-01-10,2013-9-26
hushedOil9,105634,Bercerai,Pria,FullTime,Software Engineer (Back End),Freshgraduate_program,Biasa,Jakarta Pusat,Indeed,3,4.0,0.0,0.0,1.0,+6281206113xxx,hushedOil9777@proton.com,Sarjana,1,,masih_bekerja,1982-11-15,2014-05-12,2020-2-19,-
crummyPudding5,100826,Lainnya,Wanita,Outsource,Software Engineer (Back End),Freshgraduate_program,Biasa,Jakarta Utara,Indeed,3,5.0,0.0,0.0,7.0,+6289829434xxx,crummyPudding5519@icloud.com,Sarjana,1,,masih_bekerja,1992-06-18,2013-11-11,2020-2-18,-
selfishBasmati2,110407,Lainnya,Wanita,FullTime,Product Design (UI & UX),Freshgraduate_program,Biasa,Jakarta Timur,Diversity_Job_Fair,4,4.0,3.0,0.0,,+6285718122xxx,selfishBasmati2000@hotmail.com,Magister,1,,tidak_bahagia,1987-04-04,2015-2-16,2020-2-18,2018-9-23
adoringCardinal9,101188,Lainnya,Wanita,FullTime,Data Analyst,Mid_level,Sangat_bagus,Jakarta Barat,LinkedIn,4,5.0,0.0,0.0,,+6289841872xxx,adoringCardinal9745@yahoo.com,Sarjana,1,,masih_bekerja,1987-05-21,2015-3-30,2020-02-07,-
importedApricots7,105820,Menikah,Wanita,FullTime,Software Engineer (Back End),Freshgraduate_program,Biasa,Jakarta Barat,Indeed,3,,,0.0,10.0,+6289594763xxx,importedApricots7729@hotmail.com,Sarjana,1,0.0,masih_bekerja,1971-10-23,2015-2-16,2016-1-20,-
grizzledCod7,111184,Belum_menikah,Wanita,Outsource,Product Manager,Mid_level,Sangat_bagus,Jakarta Barat,Indeed,4,4.0,0.0,0.0,8.0,+6281209062xxx,grizzledCod7824@hotmail.com,Doktor,1,,masih_bekerja,1977-11-22,2011-5-31,2020-01-10,-
insecureShads2,111302,Belum_menikah,Wanita,Outsource,Product Design (UI & UX),Freshgraduate_program,Sangat_bagus,Jakarta Utara,LinkedIn,2,2.0,0.0,6.0,3.0,+6289741767xxx,insecureShads2204@proton.com,Sarjana,1,,masih_bekerja,1980-09-30,2014-3-31,2019-03-09,-
wornoutChamois3,111533,Belum_menikah,Wanita,Outsource,Software Engineer (Front End),Freshgraduate_program,Kurang,Jakarta Barat,Google_Search,4,5.0,0.0,0.0,14.0,+6285889643xxx,wornoutChamois3020@hotmail.com,Doktor,1,,masih_bekerja,1975-03-10,2013-9-30,2020-02-06,-
lazyToucan3,106660,Bercerai,Wanita,FullTime,Software Engineer (Front End),Freshgraduate_program,Kurang,Jakarta Utara,Diversity_Job_Fair,3,5.0,0.0,0.0,11.0,+6287705186xxx,lazyToucan3860@gmail.com,Magister,1,,masih_bekerja,1975-04-03,2009-4-27,2013-2-15,-
cockyTeal5,105937,Lainnya,Wanita,FullTime,Software Engineer (Front End),Senior_level,Biasa,Jakarta Utara,Indeed,3,3.0,4.0,0.0,6.0,+6285899573xxx,cockyTeal5115@icloud.com,Sarjana,1,,masih_bekerja,1985-09-16,2015-2-16,2016-4-15,-
puzzledBagels7,101053,Belum_menikah,Pria,Outsource,Software Engineer (Front End),Mid_level,Sangat_bagus,Jakarta Pusat,Diversity_Job_Fair,3,5.0,0.0,0.0,20.0,+6281967947xxx,puzzledBagels7691@hotmail.com,Sarjana,1,,masih_bekerja,1969-02-24,2011-03-07,2020-1-17,-
debonairPlover9,111692,Lainnya,Wanita,FullTime,Software Engineer (Back End),Freshgraduate_program,Biasa,Jakarta Utara,LinkedIn,2,5.0,0.0,4.0,18.0,+6283194302xxx,debonairPlover9126@icloud.com,Sarjana,1,,masih_bekerja,1983-05-16,2014-2-17,2020-02-11,-
wornoutCrane2,111397,Menikah,Wanita,FullTime,Software Engineer (Front End),Freshgraduate_program,Biasa,Jakarta Timur,Google_Search,2,4.0,0.0,0.0,14.0,+6285982588xxx,wornoutCrane2580@gmail.com,Sarjana,1,,masih_bekerja,1984-10-15,2011-5-16,2019-04-02,-
mercifulSausage4,100674,Lainnya,Wanita,FullTime,Data Engineer,Freshgraduate_program,Sangat_bagus,Jakarta Pusat,Google_Search,1,3.0,0.0,0.0,6.0,+6283244035xxx,mercifulSausage4755@icloud.com,Sarjana,1,,masih_bekerja,1973-09-23,2010-4-26,2020-1-21,-
boastfulLlama7,110454,Belum_menikah,Pria,FullTime,Software Engineer (Back End),Freshgraduate_program,Kurang,Jakarta Pusat,Google_Search,3,3.0,5.0,0.0,4.0,+6281290991xxx,boastfulLlama7262@yahoo.com,Sarjana,1,,tidak_bahagia,1966-11-22,2011-8-15,2020-1-21,2018-06-08
trustingLizard8,100769,Belum_menikah,Pria,FullTime,Data Engineer,Freshgraduate_program,Biasa,Jakarta Utara,CareerBuilder,3,3.0,0.0,2.0,7.0,+6287864537xxx,trustingLizard8944@hotmail.com,Sarjana,1,,masih_bekerja,1963-08-28,2011-09-06,2020-1-27,-
mellowCheese1,105779,Bercerai,Pria,Outsource,Software Engineer (Back End),Mid_level,Kurang,Jakarta Barat,Employee_Referral,3,3.0,0.0,0.0,,+6287742497xxx,mellowCheese1411@icloud.com,Doktor,1,,masih_bekerja,1985-09-15,2015-3-30,2020-2-18,-
boastfulWasp1,110642,Lainnya,Wanita,FullTime,Software Engineer (Front End),Mid_level,Biasa,Jakarta Selatan,Indeed,4,4.0,0.0,0.0,6.0,+6285660996xxx,boastfulWasp1154@gmail.com,Doktor,1,,tidak_bisa_remote,1978-12-02,2013-01-07,2020-1-18,2017-11-04
excitedCake6,110524,Belum_menikah,Wanita,FullTime,Software Engineer (Front End),Freshgraduate_program,Bagus,Jakarta Pusat,Google_Search,3,5.0,0.0,0.0,9.0,+6281202919xxx,excitedCake6722@proton.com,Sarjana,1,0.0,masih_bekerja,1981-08-31,2011-5-16,2013-05-03,-
blissfulGnu4,106501,Lainnya,Wanita,Outsource,Software Engineer (Android),Mid_level,Kurang,Jakarta Selatan,Indeed,3,3.0,6.0,0.0,2.0,+6283206252xxx,blissfulGnu4786@hotmail.com,Magister,1,,masih_bekerja,1986-07-24,2012-11-05,2020-2-13,-
zestyPorpoise7,105688,Belum_menikah,Pria,FullTime,Software Engineer (Back End),Freshgraduate_program,Biasa,Jakarta Timur,Employee_Referral,3,3.0,0.0,0.0,3.0,+6289655446xxx,zestyPorpoise7101@gmail.com,Magister,1,,masih_bekerja,1978-08-25,2014-3-31,2020-01-11,-
lyingAntelope8,110612,Belum_menikah,Pria,FullTime,Software Engineer (iOS),Mid_level,Bagus,Jakarta Barat,Indeed,2,3.0,0.0,6.0,5.0,+6285936816xxx,lyingAntelope8984@outlook.com,Sarjana,1,,masih_bekerja,1975-11-02,2014-9-29,2020-1-30,-
cruelCaviar1,110478,Belum_menikah,Wanita,Outsource,Software Engineer (Android),Freshgraduate_program,Sangat_kurang,Jakarta Pusat,Indeed,4,5.0,0.0,0.0,7.0,+6285654618xxx,cruelCaviar1334@outlook.com,Doktor,1,,masih_bekerja,1963-05-15,2014-8-18,2020-1-21,-
pacifiedCow0,105370,Belum_menikah,Wanita,Outsource,Product Design (UI & UX),Freshgraduate_program,Bagus,Jakarta Utara,Google_Search,3,4.0,5.0,0.0,8.0,+6281973417xxx,pacifiedCow0861@icloud.com,Sarjana,1,,masih_bekerja,1986-04-04,2014-07-07,2016-1-15,-
ashamedSyrup5,100852,Belum_menikah,Pria,FullTime,Software Engineer (Front End),Mid_level,Biasa,Jakarta Selatan,LinkedIn,4,3.0,0.0,0.0,2.0,+6281961300xxx,ashamedSyrup5760@gmail.com,Sarjana,1,,masih_bekerja,1979-05-21,2012-07-02,2020-1-14,-
solemnLemur7,106462,Belum_menikah,Pria,FullTime,Software Engineer (Front End),Mid_level,Bagus,Jakarta Pusat,Employee_Referral,2,5.0,0.0,0.0,4.0,+6283842230xxx,solemnLemur7109@gmail.com,Magister,1,,masih_bekerja,1985-01-28,2013-07-08,2020-02-11,-
culturedOrange6,101163,Menikah,Wanita,FullTime,Software Engineer (Back End),Senior_level,Sangat_bagus,Jakarta Pusat,LinkedIn,4,3.0,0.0,0.0,4.0,+6283359623xxx,culturedOrange6330@yahoo.com,Magister,1,,masih_bekerja,1976-08-25,2016-05-11,2020-1-21,-
somberCod8,110312,Bercerai,Pria,FullTime,Data Analyst,Mid_level,Sangat_bagus,Jakarta Barat,Employee_Referral,4,4.0,0.0,0.0,19.0,+6289954216xxx,somberCod8452@icloud.com,Sarjana,1,,masih_bekerja,1983-02-18,2013-9-30,2020-2-25,-
excludedTeal8,100942,Lainnya,Wanita,FullTime,Software Engineer (Back End),Freshgraduate_program,Bagus,Jakarta Utara,LinkedIn,3,4.0,0.0,0.0,4.0,+6283218201xxx,excludedTeal8756@gmail.com,Sarjana,1,,masih_bekerja,1986-06-10,2012-2-20,2020-01-07,-
brainyMagpie7,106620,Belum_menikah,Pria,FullTime,Software Engineer (Back End),Senior_level,Biasa,Jakarta Pusat,Indeed,2,5.0,5.0,0.0,9.0,+6281267984xxx,brainyMagpie7048@gmail.com,Doktor,1,,internal_conflict,1986-09-01,2014-9-29,2020-1-18,2019-06-06
brainySalt8,105538,Lainnya,Pria,FullTime,Data Engineer,Freshgraduate_program,Kurang,Jakarta Barat,Employee_Referral,3,5.0,0.0,0.0,3.0,+6283112563xxx,brainySalt8580@proton.com,Sarjana,1,,masih_bekerja,1977-09-08,2013-07-08,2020-1-14,-
artisticTacos7,100515,Belum_menikah,Wanita,Outsource,Software Engineer (Back End),Freshgraduate_program,Biasa,Jakarta Barat,Indeed,3,5.0,0.0,0.0,3.0,+6283134314xxx,artisticTacos7452@proton.com,Doktor,1,,masih_bekerja,1988-05-31,2011-10-03,2020-1-30,-
brainyRice8,106245,Bercerai,Wanita,FullTime,Product Design (UI & UX),Freshgraduate_program,Biasa,Jakarta Pusat,CareerBuilder,3,3.0,6.0,0.0,6.0,+6289935357xxx,brainyRice8142@icloud.com,Sarjana,1,,masih_bekerja,1979-04-04,2015-2-16,2020-02-11,-
scornfulCoati1,110699,Belum_menikah,Pria,Outsource,Software Engineer (Front End),Senior_level,Kurang,Jakarta Barat,Google_Search,4,4.0,0.0,5.0,16.0,+6285585054xxx,scornfulCoati1438@icloud.com,Magister,1,,toxic_culture,1983-09-02,2012-04-02,2019-04-12,2020-9-27
finickyDunbird1,105678,Lainnya,Wanita,FullTime,Software Engineer (Front End),Freshgraduate_program,Biasa,Jakarta Barat,Google_Search,4,3.0,0.0,0.0,7.0,+6281290096xxx,finickyDunbird1042@icloud.com,Magister,1,,apresiasi,1991-09-05,2011-04-04,2018-04-09,2020-2-25
sincereGatorade8,111089,Menikah,Wanita,Outsource,Data Analyst,Freshgraduate_program,Sangat_bagus,Jakarta Timur,Indeed,3,5.0,7.0,0.0,2.0,+6281225029xxx,sincereGatorade8842@icloud.com,Sarjana,1,,toxic_culture,1987-06-14,2016-10-02,2020-01-08,2017-3-15
peskyPudding8,110423,Belum_menikah,Wanita,FullTime,Software Engineer (Front End),Freshgraduate_program,Sangat_bagus,Jakarta Timur,Diversity_Job_Fair,3,2.0,6.0,0.0,14.0,+6289859069xxx,peskyPudding8206@hotmail.com,Sarjana,1,,masih_bekerja,1987-11-24,2008-10-27,2020-1-15,-
fondDoughnut4,110646,Bercerai,Wanita,FullTime,Software Engineer (Back End),Freshgraduate_program,Biasa,Jakarta Timur,CareerBuilder,2,5.0,0.0,0.0,15.0,+6289864418xxx,fondDoughnut4927@outlook.com,Sarjana,1,,masih_bekerja,1986-10-07,2012-04-02,2020-2-19,-
wingedPoultry2,105419,Bercerai,Wanita,FullTime,Software Engineer (Back End),Mid_level,Sangat_bagus,Jakarta Pusat,Google_Search,3,4.0,0.0,0.0,6.0,+6283263626xxx,wingedPoultry2087@hotmail.com,Magister,1,,internal_conflict,1990-08-24,2012-04-02,2014-03-04,2018-5-17
grumpyCow6,100597,Menikah,Pria,FullTime,Software Engineer (Back End),Freshgraduate_program,Sangat_bagus,Jakarta Pusat,Indeed,3,4.0,3.0,2.0,2.0,+6289763743xxx,grumpyCow6508@icloud.com,Sarjana,1,,masih_bekerja,1988-04-15,2018-07-09,2020-1-31,-
somberJerky8,100992,Lainnya,Pria,Outsource,Scrum Master,Freshgraduate_program,Kurang,Jakarta Barat,CareerBuilder,3,4.0,0.0,0.0,9.0,+6285581609xxx,somberJerky8901@icloud.com,Magister,1,,masih_bekerja,1959-08-19,2011-11-07,2019-2-14,-
boredHyena0,101306,Menikah,Wanita,Outsource,Software Engineer (Back End),Freshgraduate_program,Biasa,Jakarta Timur,LinkedIn,4,3.0,0.0,0.0,17.0,+6285758275xxx,boredHyena0206@hotmail.com,Sarjana,1,,masih_bekerja,1952-02-11,2012-5-14,2014-07-02,-
gloomyClam6,100919,Belum_menikah,Pria,FullTime,Software Engineer (Back End),Freshgraduate_program,Kurang,Jakarta Timur,Indeed,2,5.0,0.0,0.0,9.0,+6285908172xxx,gloomyClam6755@gmail.com,Doktor,1,,jam_kerja,1988-09-14,2014-8-18,2020-1-30,2015-6-24
joyfulBuzzard8,106638,Menikah,Pria,FullTime,Software Engineer (Android),Senior_level,Bagus,Jakarta Barat,Google_Search,4,5.0,0.0,0.0,10.0,+6287829760xxx,joyfulBuzzard8100@gmail.com,Magister,1,,ganti_karir,1982-10-07,2015-01-05,2020-1-24,2015-01-09
curiousBaboon5,105429,Belum_menikah,Pria,FullTime,Software Engineer (Front End),Mid_level,Sangat_bagus,Jakarta Utara,Google_Search,3,3.0,0.0,0.0,9.0,+6281830594xxx,curiousBaboon5744@icloud.com,Sarjana,1,,tidak_bisa_remote,1983-07-28,2014-9-29,2020-02-01,2020-8-19
cockyBuzzard5,110932,Menikah,Wanita,FullTime,Software Engineer (Android),Freshgraduate_program,Bagus,Jakarta Pusat,LinkedIn,3,4.0,0.0,0.0,19.0,+6289794136xxx,cockyBuzzard5324@proton.com,Sarjana,1,,masih_bekerja,1966-03-17,2014-05-05,2020-1-21,-
insecureClam1,100760,Bercerai,Pria,FullTime,Software Engineer (Back End),Freshgraduate_program,Biasa,Jakarta Selatan,Indeed,4,5.0,5.0,0.0,15.0,+6289791534xxx,insecureClam1801@proton.com,Sarjana,1,,masih_bekerja,1980-07-05,2011-4-15,2020-01-07,-
forsakenWidgeon8,100639,Lainnya,Wanita,FullTime,Software Engineer (Front End),Mid_level,Sangat_kurang,Jakarta Barat,Website,1,1.0,0.0,2.0,17.0,+6283347244xxx,forsakenWidgeon8050@proton.com,Sarjana,1,,masih_bekerja,1987-05-14,2012-2-20,2020-1-29,-
peskyFlamingo7,111049,Bercerai,Pria,FullTime,Software Engineer (Front End),Freshgraduate_program,Sangat_kurang,Jakarta Timur,Indeed,3,3.0,0.0,0.0,17.0,+6285710742xxx,peskyFlamingo7657@proton.com,Sarjana,1,,masih_bekerja,1980-02-02,2011-01-10,2020-1-21,-
worldlyPaella8,111157,Belum_menikah,Wanita,FullTime,Software Engineer (Back End),Freshgraduate_program,Biasa,Jakarta Pusat,LinkedIn,3,4.0,0.0,0.0,14.0,+6285508465xxx,worldlyPaella8406@yahoo.com,Sarjana,1,,masih_bekerja,1986-07-07,2014-01-06,2020-2-26,-
lazyPorpoise0,100957,Belum_menikah,Wanita,FullTime,Data Engineer,Mid_level,Kurang,Jakarta Pusat,Google_Search,3,3.0,0.0,0.0,18.0,+6281937385xxx,lazyPorpoise0172@yahoo.com,Sarjana,1,,masih_bekerja,1976-09-22,2011-2-21,2014-02-01,-
brainyFish3,111083,Menikah,Pria,Outsource,Data Analyst,Freshgraduate_program,Sangat_bagus,Jakarta Barat,Google_Search,3,3.0,0.0,0.0,20.0,+6285960968xxx,brainyFish3571@hotmail.com,Sarjana,1,,toxic_culture,1984-05-09,2012-04-02,2014-2-20,2018-06-08
sincereSeafowl4,110793,Belum_menikah,Wanita,FullTime,Software Engineer (Back End),Senior_level,Sangat_kurang,Jakarta Barat,Diversity_Job_Fair,3,4.0,0.0,0.0,2.0,+6285756514xxx,sincereSeafowl4749@hotmail.com,Sarjana,1,,jam_kerja,1970-05-15,2011-11-07,2017-4-29,2018-11-15
jumpyTomatoe4,105969,Belum_menikah,Wanita,Outsource,Software Engineer (Front End),Senior_level,Sangat_bagus,Jakarta Barat,Indeed,4,3.0,0.0,0.0,14.0,+6285778884xxx,jumpyTomatoe4555@gmail.com,Magister,1,0.0,toxic_culture,1991-01-28,2013-8-19,2020-1-14,2017-09-05
scornfulBoa6,111235,Belum_menikah,Wanita,FullTime,Data Analyst,Freshgraduate_program,Bagus,Jakarta Timur,Indeed,3,3.0,0.0,0.0,1.0,+6281335006xxx,scornfulBoa6602@yahoo.com,Sarjana,1,,,1970-04-24,2013-5-13,2020-1-14,-
troubledThrushe9,101192,-,Wanita,FullTime,Data Analyst,Freshgraduate_program,Bagus,Jakarta Barat,CareerBuilder,4,3.0,0.0,0.0,20.0,+6281801928xxx,troubledThrushe9146@proton.com,Sarjana,1,,toxic_culture,1987-01-07,2013-01-07,2020-1-30,2014-8-19
finickyRat1,100610,Belum_menikah,Wanita,FullTime,Software Engineer (Android),Freshgraduate_program,Bagus,Jakarta Timur,CareerBuilder,3,5.0,5.0,0.0,8.0,+6283263312xxx,finickyRat1900@icloud.com,Sarjana,1,,masih_bekerja,1979-07-05,2012-01-09,2020-1-25,-
jealousIguana3,111209,Belum_menikah,Wanita,FullTime,Data Analyst,Freshgraduate_program,Biasa,Jakarta Timur,CareerBuilder,4,4.0,0.0,0.0,10.0,+6283373813xxx,jealousIguana3026@gmail.com,Sarjana,1,0.0,toxic_culture,1976-09-22,2015-3-30,2020-1-21,2014-8-19
mildAbalone7,100350,Menikah,Pria,FullTime,Product Design (UI & UX),Freshgraduate_program,Sangat_kurang,Jakarta Pusat,On-line_Web_application,4,5.0,0.0,0.0,1.0,+6285741068xxx,mildAbalone7337@hotmail.com,Sarjana,1,,masih_bekerja,1977-07-15,2012-9-24,2018-03-02,-
ferventRhino1,110652,Bercerai,Wanita,FullTime,DevOps Engineer,Freshgraduate_program,Sangat_kurang,Jakarta Pusat,Employee_Referral,3,4.0,6.0,0.0,16.0,+6289907753xxx,ferventRhino1271@outlook.com,Sarjana,1,,masih_bekerja,1988-07-18,2015-01-05,2020-2-25,-
thriftyHare2,101407,Lainnya,Wanita,FullTime,Software Engineer (Back End),Senior_level,Biasa,Jakarta Pusat,Indeed,3,5.0,0.0,0.0,16.0,+6285581511xxx,thriftyHare2990@gmail.com,Sarjana,1,,masih_bekerja,1970-09-22,2012-9-24,2014-04-02,-
joyfulVenison6,101389,Belum_menikah,Pria,FullTime,Software Engineer (Back End),Mid_level,Sangat_bagus,Jakarta Utara,Google_Search,3,3.0,0.0,0.0,15.0,+6283227259xxx,joyfulVenison6060@gmail.com,Sarjana,1,,ganti_karir,1981-11-23,2007-11-05,2020-2-25,2013-5-30
eagerHoopoe7,111290,Lainnya,Wanita,FullTime,Product Design (UI & UX),Freshgraduate_program,Biasa,Jakarta Utara,Indeed,4,5.0,0.0,0.0,2.0,+6285982568xxx,eagerHoopoe7199@hotmail.com,Sarjana,1,,masih_bekerja,1989-03-31,2013-07-08,2020-1-25,-
selfishBurritos1,101037,Bercerai,Wanita,FullTime,Scrum Master,Freshgraduate_program,Sangat_bagus,Jakarta Timur,Google_Search,3,4.0,0.0,0.0,6.0,+6283181215xxx,selfishBurritos1329@hotmail.com,Sarjana,1,,masih_bekerja,1970-10-08,2011-9-26,2014-1-30,-
wingedLeopard7,106436,Lainnya,Wanita,FullTime,Software Engineer (Front End),Mid_level,Biasa,Jakarta Pusat,Google_Search,4,5.0,0.0,0.0,55.0,+6289913280xxx,wingedLeopard7878@hotmail.com,Sarjana,1,,masih_bekerja,1973-01-12,2011-11-28,2020-02-11,-
zestyTermite5,105558,Menikah,Wanita,FullTime,Software Engineer (Front End),Senior_level,Bagus,Jakarta Timur,Indeed,4,5.0,0.0,0.0,6.0,+6283215136xxx,zestyTermite5310@yahoo.com,Magister,1,,masih_bekerja,1977-03-31,2015-01-05,2020-2-14,-
contentAbalone0,101331,Belum_menikah,Wanita,Outsource,Software Engineer (Front End),Freshgraduate_program,Biasa,Jakarta Pusat,Google_Search,4,4.0,0.0,0.0,7.0,+6282255326xxx,contentAbalone0699@icloud.com,Sarjana,1,0.0,masih_bekerja,1979-05-01,2011-02-07,2014-03-04,-
cruelGnu6,106599,Bercerai,Wanita,FullTime,Software Engineer (Back End),Senior_level,Sangat_bagus,Jakarta Barat,LinkedIn,4,5.0,0.0,0.0,15.0,+6281209169xxx,cruelGnu6026@gmail.com,Sarjana,1,,masih_bekerja,1975-09-30,2012-10-02,2020-2-14,-
mildBuck3,106697,Belum_menikah,Pria,FullTime,Software Engineer (Front End),Freshgraduate_program,Sangat_bagus,Jakarta Timur,CareerBuilder,4,3.0,5.0,0.0,11.0,+6281832158xxx,mildBuck3345@outlook.com,Magister,1,,tidak_bisa_remote,1988-05-05,2015-01-05,2016-4-15,2016-01-11
brainyMagpie7,101264,Bercerai,Pria,FullTime,Product Design (UI & UX),Freshgraduate_program,Kurang,Jakarta Barat,Indeed,4,3.0,6.0,0.0,17.0,+6285946196xxx,brainyMagpie7608@proton.com,Magister,1,,masih_bekerja,1970-04-25,2017-02-10,2020-2-25,-
crushedLollies6,105488,Menikah,Pria,FullTime,Software Engineer (Back End),Freshgraduate_program,Biasa,Jakarta Pusat,Indeed,3,5.0,7.0,0.0,8.0,+6289900398xxx,crushedLollies6670@outlook.com,Magister,1,,kejelasan_karir,1972-02-09,2016-09-06,2020-1-15,2016-10-31
puzzledBurritos7,111373,Belum_menikah,Wanita,Outsource,Software Engineer (Android),Mid_level,Kurang,Jakarta Timur,LinkedIn,3,,,0.0,14.0,+6281254157xxx,puzzledBurritos7565@icloud.com,Sarjana,1,,masih_bekerja,1979-03-10,2012-04-02,2020-1-14,-
dopeyBass1,100398,Lainnya,Wanita,Outsource,Software Engineer (Back End),Freshgraduate_program,Sangat_kurang,Jakarta Utara,Google_Search,3,5.0,0.0,0.0,5.0,+6283144061xxx,dopeyBass1665@proton.com,Magister,1,,masih_bekerja,1967-01-16,2011-01-10,2015-03-04,-
dearKitten3,111266,Belum_menikah,Pria,FullTime,Product Design (UI & UX),Freshgraduate_program,Sangat_bagus,Jakarta Utara,Diversity_Job_Fair,3,3.0,0.0,0.0,19.0,+6289679074xxx,dearKitten3235@yahoo.com,Sarjana,1,,Product Design (UI & UX),1989-05-02,2011-9-26,2014-03-02,2017-12-15
cruelWidgeon9,106608,Bercerai,Wanita,FullTime,Software Engineer (Front End),Freshgraduate_program,Bagus,Jakarta Utara,Google_Search,3,4.0,0.0,0.0,9.0,+6281287214xxx,cruelWidgeon9579@hotmail.com,Sarjana,1,,masih_bekerja,1982-08-25,2011-01-10,2020-02-07,-
crushedRaisins0,100899,Lainnya,Wanita,FullTime,Software Engineer (Back End),Mid_level,Bagus,Jakarta Timur,CareerBuilder,4,4.0,0.0,0.0,8.0,+6283805300xxx,crushedRaisins0204@gmail.com,Magister,1,,masih_bekerja,1952-08-18,2012-01-09,2016-05-02,-
scornfulDove3,101662,Lainnya,Wanita,FullTime,Data Engineer,Freshgraduate_program,Sangat_kurang,Jakarta Utara,Google_Search,4,3.0,0.0,0.0,3.0,+6285710367xxx,scornfulDove3185@gmail.com,Sarjana,1,,jam_kerja,1953-05-24,2011-5-16,2018-4-18,2015-6-18
brainyGranola0,111427,Belum_menikah,Pria,Outsource,Software Engineer (Android),Mid_level,Biasa,Jakarta Selatan,CareerBuilder,4,3.0,0.0,0.0,4.0,+6281268533xxx,brainyGranola0883@gmail.com,Doktor,1,,masih_bekerja,1954-10-12,2014-05-12,2020-1-28,-
soreEggs6,105592,Lainnya,Pria,FullTime,Software Engineer (Android),Freshgraduate_program,Sangat_kurang,Jakarta Timur,LinkedIn,4,4.0,0.0,0.0,6.0,+6287725725xxx,soreEggs6451@yahoo.com,Magister,1,,kejelasan_karir,1979-09-14,2011-11-07,2020-2-27,2014-04-07
jubilantTruffle2,111366,Bercerai,Wanita,Outsource,Software Engineer (Back End),Mid_level,Bagus,Jakarta Selatan,Indeed,3,5.0,0.0,0.0,6.0,+6282254352xxx,jubilantTruffle2009@proton.com,Doktor,1,,masih_bekerja,1977-05-09,2010-10-25,2016-03-05,-
tautTacos4,105986,Bercerai,Wanita,FullTime,Software Engineer (Front End),Freshgraduate_program,Kurang,Jakarta Selatan,LinkedIn,4,5.0,0.0,0.0,9.0,+6289717407xxx,tautTacos4135@hotmail.com,Sarjana,1,,masih_bekerja,1964-04-13,2014-01-06,2020-1-21,-
stressedBittern3,110774,Belum_menikah,Wanita,Outsource,Data Engineer,Freshgraduate_program,Sangat_bagus,Jakarta Pusat,LinkedIn,3,4.0,5.0,0.0,1.0,+6285838402xxx,stressedBittern3064@yahoo.com,Magister,1,,apresiasi,1968-07-06,2010-05-01,2020-02-01,2017-4-15
sheepishWidgeon1,101510,Belum_menikah,Wanita,Outsource,Software Engineer (iOS),Mid_level,Bagus,Jakarta Selatan,Diversity_Job_Fair,1,4.0,0.0,5.0,4.0,+6289832939xxx,sheepishWidgeon1917@outlook.com,Magister,1,,masih_bekerja,1968-06-06,2016-07-04,2020-2-18,-
grudgingMuesli6,106109,Lainnya,Pria,FullTime,Software Engineer (Front End),Freshgraduate_program,Sangat_bagus,Jakarta Pusat,Website,4,3.0,0.0,0.0,16.0,+6289724050xxx,grudgingMuesli6971@icloud.com,Sarjana,1,,masih_bekerja,1988-12-27,2012-4-30,2020-1-29,-
resolvedMoth3,111569,Belum_menikah,Pria,Outsource,Data Engineer,Freshgraduate_program,Sangat_bagus,Jakarta Selatan,Diversity_Job_Fair,1,4.0,0.0,2.0,16.0,+6283203119xxx,resolvedMoth3943@yahoo.com,Sarjana,1,,masih_bekerja,1984-08-16,2014-5-18,2020-1-16,-
lovesickRhino0,105734,Belum_menikah,Pria,FullTime,Software Engineer (Back End),Freshgraduate_program,Sangat_bagus,Jakarta Timur,LinkedIn,1,3.0,6.0,3.0,2.0,+6287885203xxx,lovesickRhino0235@hotmail.com,Sarjana,1,,tidak_bahagia,1987-06-18,2015-3-30,2020-02-04,2015-04-01
mellowCheese4,101130,Bercerai,Wanita,Outsource,Software Engineer (Front End),Mid_level,Kurang,Jakarta Utara,Diversity_Job_Fair,4,4.0,5.0,0.0,14.0,+6289720470xxx,mellowCheese4272@gmail.com,Sarjana,1,,tidak_bahagia,1988-10-05,2011-1-21,2020-1-25,2014-9-24
thriftyMoth4,101511,Lainnya,Pria,FullTime,Software Engineer (Back End),Freshgraduate_program,Kurang,Jakarta Selatan,Google_Search,3,5.0,0.0,0.0,7.0,+6289570871xxx,thriftyMoth4270@icloud.com,Sarjana,1,,masih_bekerja,1974-12-21,2009-01-05,2019-02-05,-
gleefulKitten1,106347,Belum_menikah,Pria,FullTime,Software Engineer (Back End),Freshgraduate_program,Sangat_bagus,Jakarta Pusat,Google_Search,3,5.0,0.0,4.0,15.0,+6287713961xxx,gleefulKitten1142@outlook.com,Sarjana,1,,masih_bekerja,1988-03-17,2011-01-10,2018-04-06,-
selfishApples3,110842,Belum_menikah,Wanita,Outsource,Software Engineer (Back End),Senior_level,Sangat_bagus,Jakarta Timur,Employee_Referral,4,4.0,5.0,0.0,11.0,+6289591398xxx,selfishApples3642@hotmail.com,Magister,1,,masih_bekerja,1981-04-16,2015-01-05,2020-1-28,-
brainyBittern0,106446,Lainnya,Pria,FullTime,Software Engineer (Front End),Freshgraduate_program,Sangat_bagus,Jakarta Timur,Indeed,3,5.0,0.0,0.0,13.0,+6281271727xxx,brainyBittern0336@icloud.com,Doktor,1,,masih_bekerja,1972-07-03,2011-07-05,2013-01-06,-
dreadfulKitten0,101635,Menikah,Wanita,Outsource,Software Engineer (Android),Senior_level,Sangat_kurang,Jakarta Selatan,Indeed,3,4.0,0.0,0.0,12.0,+6285595323xxx,dreadfulKitten0985@proton.com,Sarjana,1,,masih_bekerja,1978-03-28,2009-01-08,2020-1-24,-
obsessedSwift1,100561,Menikah,Pria,FullTime,Software Engineer (Front End),Freshgraduate_program,Sangat_bagus,Jakarta Pusat,Indeed,2,3.0,6.0,0.0,2.0,+6281205790xxx,obsessedSwift1187@outlook.com,Sarjana,1,,tidak_bisa_remote,1986-08-26,2015-3-30,2020-1-22,2020-4-29
cautiousPonie3,105711,Bercerai,Wanita,FullTime,Software Engineer (Front End),Freshgraduate_program,Bagus,Jakarta Timur,LinkedIn,3,5.0,0.0,0.0,17.0,+6285896821xxx,cautiousPonie3736@gmail.com,Magister,1,,masih_bekerja,1978-09-22,2014-07-07,2020-2-22,-
forsakenAntelope5,105923,Belum_menikah,Wanita,FullTime,Software Engineer (Back End),Senior_level,Bagus,Jakarta Pusat,Indeed,2,5.0,0.0,0.0,16.0,+6287890050xxx,forsakenAntelope5142@gmail.com,Sarjana,1,,masih_bekerja,1984-02-16,2011-8-15,2013-03-05,-
ferventAbalone7,105357,Belum_menikah,Wanita,FullTime,Product Design (UI & UX),Senior_level,Bagus,Jakarta Timur,Employee_Referral,3,3.0,0.0,0.0,16.0,+6282250643xxx,ferventAbalone7081@proton.com,Sarjana,1,,tidak_bahagia,1966-04-17,2016-7-21,2020-1-14,2018-04-01
brainyLlama9,100884,Menikah,Wanita,FullTime,Software Engineer (Front End),Freshgraduate_program,Sangat_bagus,Jakarta Timur,LinkedIn,3,5.0,0.0,0.0,20.0,+6285503547xxx,brainyLlama9557@gmail.com,Sarjana,1,,Product Design (UI & UX),1969-02-09,2012-03-07,2014-02-01,2016-4-24
unhappyPorpoise4,110481,Menikah,Wanita,FullTime,Software Engineer (Back End),Mid_level,Bagus,Jakarta Utara,Google_Search,4,4.0,0.0,0.0,11.0,+6283315810xxx,unhappyPorpoise4277@proton.com,Magister,1,,masih_bekerja,1951-01-02,2014-9-29,2020-02-12,-
pridefulBuck8,106483,Lainnya,Wanita,Outsource,Software Engineer (Android),Mid_level,Bagus,Jakarta Utara,Website,4,4.0,0.0,0.0,8.0,+6289968388xxx,pridefulBuck8335@icloud.com,Sarjana,1,,masih_bekerja,1974-12-05,2014-01-06,2020-1-31,-
enviousMacaw4,111591,Menikah,Wanita,FullTime,Software Engineer (Front End),Senior_level,Biasa,Jakarta Timur,Indeed,1,2.0,1.0,6.0,20.0,+6285732429xxx,enviousMacaw4523@icloud.com,Sarjana,1,,masih_bekerja,1968-07-20,2012-2-20,2020-2-25,-
joyfulMacaw9,100906,Lainnya,Pria,FullTime,Software Engineer (Front End),Mid_level,Sangat_bagus,Jakarta Barat,Google_Search,3,4.0,0.0,0.0,1.0,+6289558729xxx,joyfulMacaw9993@yahoo.com,Sarjana,1,,tidak_bisa_remote,1984-01-04,2012-8-13,2020-02-11,2017-06-04
crummyPolenta1,111326,Belum_menikah,Pria,Outsource,Software Engineer (Front End),Freshgraduate_program,Sangat_bagus,Jakarta Utara,Website,4,5.0,0.0,0.0,18.0,+6282234371xxx,crummyPolenta1401@icloud.com,Magister,1,,tidak_bisa_remote,1982-05-19,2015-01-05,2020-1-14,2016-01-09
jealousPlover2,106294,Belum_menikah,Wanita,FullTime,Software Engineer (Front End),Freshgraduate_program,Bagus,Jakarta Selatan,LinkedIn,2,5.0,0.0,0.0,4.0,+6289993369xxx,jealousPlover2299@hotmail.com,Sarjana,1,,masih_bekerja,1984-07-07,2013-07-08,2020-01-02,-
emptyMussel0,106605,Belum_menikah,Wanita,FullTime,Software Engineer (Back End),Senior_level,Biasa,Jakarta Timur,LinkedIn,3,4.0,0.0,0.0,16.0,+6283349250xxx,emptyMussel0325@outlook.com,Doktor,1,,masih_bekerja,1973-03-26,2013-5-13,2016-03-02,-
joyfulCod3,100801,Lainnya,Pria,FullTime,Software Engineer (Front End),Freshgraduate_program,Bagus,Jakarta Pusat,Diversity_Job_Fair,4,4.0,0.0,3.0,15.0,+6287886819xxx,joyfulCod3447@yahoo.com,Sarjana,1,,masih_bekerja,1974-08-09,2012-04-02,2016-1-20,-
worldlyCow6,101422,Menikah,Pria,FullTime,Software Engineer (Back End),Mid_level,Bagus,Jakarta Pusat,Indeed,2,5.0,0.0,0.0,19.0,+6281908593xxx,worldlyCow6773@gmail.com,Magister,1,,masih_bekerja,1984-12-31,2011-9-26,2019-02-04,-
debonairChile3,110471,Belum_menikah,Wanita,Outsource,Software Engineer (Back End),Freshgraduate_program,Bagus,Jakarta Selatan,LinkedIn,4,5.0,6.0,0.0,7.0,+6289640675xxx,debonairChile3133@gmail.com,Sarjana,1,,toxic_culture,1986-06-06,2016-6-30,2020-2-18,2017-12-12
boredEggs0,100326,Bercerai,Wanita,FullTime,Product Manager,Freshgraduate_program,Bagus,Jakarta Timur,Diversity_Job_Fair,3,4.0,0.0,0.0,12.0,+6283854646xxx,boredEggs0834@outlook.com,Sarjana,1,,ganti_karir,1974-01-12,2011-01-10,2017-1-30,2016-3-31
peskyJaguar5,110665,Belum_menikah,Wanita,FullTime,Software Engineer (Back End),Senior_level,Biasa,Jakarta Selatan,Indeed,4,5.0,0.0,0.0,14.0,+6289950860xxx,peskyJaguar5956@icloud.com,Sarjana,1,1.0,masih_bekerja,1988-11-08,2011-01-10,2020-1-27,-
similarCardinal3,105902,Menikah,Wanita,FullTime,Software Architect,Mid_level,Sangat_bagus,Jakarta Selatan,CareerBuilder,4,4.0,0.0,0.0,5.0,+6285696756xxx,similarCardinal3436@icloud.com,Sarjana,1,,masih_bekerja,1974-05-02,2014-05-12,2020-2-15,-
needfulZebra5,111703,Menikah,Pria,FullTime,Software Engineer (Back End),Freshgraduate_program,Sangat_bagus,Jakarta Pusat,Diversity_Job_Fair,3,3.0,4.0,0.0,9.0,+6285507346xxx,needfulZebra5962@gmail.com,Sarjana,1,,tidak_bisa_remote,1983-06-14,2013-2-18,2018-02-12,2015-4-15
cautiousOwl6,101100,Belum_menikah,Pria,FullTime,Software Engineer (Back End),Freshgraduate_program,Sangat_bagus,Jakarta Pusat,CareerBuilder,3,4.0,0.0,0.0,20.0,+6287717879xxx,cautiousOwl6613@proton.com,Sarjana,1,,masih_bekerja,1984-06-10,2016-01-05,2020-1-28,-
forsakenSalt3,100468,Bercerai,Pria,Outsource,Software Engineer (Front End),Freshgraduate_program,Bagus,Jakarta Utara,LinkedIn,4,3.0,0.0,0.0,14.0,+6281288888xxx,forsakenSalt3729@proton.com,Sarjana,1,,tidak_bisa_remote,1983-02-02,2014-3-31,2020-02-01,2020-8-19
gutturalDotterel4,110703,Belum_menikah,Wanita,Outsource,Software Engineer (Back End),Senior_level,Biasa,Jakarta Barat,Google_Search,1,3.0,0.0,5.0,19.0,+6283342582xxx,gutturalDotterel4945@icloud.com,Sarjana,1,,masih_bekerja,1989-05-06,2014-2-17,2018-1-15,-
cockyTruffle7,106494,Menikah,Pria,Outsource,Software Engineer (Back End),Mid_level,Biasa,Jakarta Pusat,Indeed,2,5.0,7.0,0.0,13.0,+6283185998xxx,cockyTruffle7952@icloud.com,Sarjana,1,,masih_bekerja,1973-04-05,2013-1-20,2020-2-18,-
resolvedCod5,110380,Belum_menikah,Pria,FullTime,Product Design (UI & UX),Freshgraduate_program,Biasa,Jakarta Pusat,Google_Search,4,,0.0,0.0,13.0,+6287879882xxx,resolvedCod5392@outlook.com,Sarjana,1,,masih_bekerja,1970-12-22,2012-04-02,2020-1-14,-
trustingCrane4,111198,Menikah,Pria,FullTime,Product Manager,Mid_level,Biasa,Jakarta Utara,Website,2,4.0,0.0,0.0,7.0,+6283126068xxx,trustingCrane4883@icloud.com,Sarjana,1,0.0,masih_bekerja,1984-07-01,2016-07-06,2020-1-29,-
abjectRuffs3,101652,Bercerai,Pria,FullTime,Software Engineer (Back End),Senior_level,Sangat_bagus,Jakarta Timur,Indeed,2,3.0,6.0,0.0,14.0,+6283157914xxx,abjectRuffs3176@proton.com,Sarjana,1,1.0,tidak_bahagia,1987-10-24,2017-4-20,2020-01-02,2020-9-26
guiltyCardinal3,110461,Belum_menikah,Wanita,FullTime,Software Engineer (Back End),Mid_level,Kurang,Jakarta Barat,Indeed,5,4.0,6.0,0.0,3.0,+6281383552xxx,guiltyCardinal3824@proton.com,Sarjana,1,0.0,masih_bekerja,1987-04-05,2013-11-11,2020-1-30,-
annoyedWhiting8,111276,Lainnya,Pria,FullTime,Product Design (UI & UX),Mid_level,Biasa,Jakarta Timur,LinkedIn,4,5.0,0.0,0.0,11.0,+6281272189xxx,annoyedWhiting8110@outlook.com,Magister,1,1.0,masih_bekerja,1977-04-08,2014-05-12,2020-2-18,-
jumpyBasmati9,111220,Belum_menikah,Pria,Internship,Product Manager,Freshgraduate_program,Sangat_bagus,Jakarta Pusat,LinkedIn,2,2.0,0.0,6.0,6.0,+6289878705xxx,jumpyBasmati9859@proton.com,Sarjana,1,0.0,leadership,1985-06-29,2011-8-15,2014-1-14,2018-9-15
grizzledDingo0,110580,Belum_menikah,Wanita,FullTime,Software Engineer (Back End),Senior_level,Sangat_bagus,Jakarta Timur,Indeed,4,4.0,0.0,0.0,8.0,+6289622388xxx,grizzledDingo0438@hotmail.com,Sarjana,1,1.0,masih_bekerja,1990-04-19,2014-05-05,2020-1-24,-
guiltyDoughnut4,111584,Belum_menikah,Wanita,Outsource,Software Engineer (Back End),Freshgraduate_program,Biasa,Jakarta Utara,LinkedIn,3,3.0,5.0,0.0,19.0,+6285858800xxx,guiltyDoughnut4476@yahoo.com,Doktor,1,1.0,masih_bekerja,1973-03-12,2011-06-10,2020-02-08,-
thrilledThrushe4,101154,Menikah,Pria,FullTime,Software Engineer (Back End),Freshgraduate_program,Biasa,Jakarta Selatan,Indeed,2,4.0,0.0,0.0,18.0,+6289793710xxx,thrilledThrushe4101@outlook.com,Sarjana,1,1.0,ganti_karir,1972-11-09,2012-9-24,2018-04-01,2017-11-14
giddyMandrill6,101274,Menikah,Pria,FullTime,Product Design (UI & UX),Mid_level,Biasa,Jakarta Utara,Employee_Referral,3,3.0,0.0,0.0,10.0,+6281272430xxx,giddyMandrill6475@gmail.com,Sarjana,1,1.0,jam_kerja,1983-03-28,2013-04-01,2017-03-06,2019-9-26
shamefulSalami8,101647,Bercerai,Pria,Outsource,Software Engineer (Back End),Mid_level,Biasa,Jakarta Pusat,LinkedIn,3,5.0,5.0,,1.0,+6285890385xxx,shamefulSalami8906@proton.com,Magister,1,1.0,masih_bekerja,1983-05-06,2014-07-07,2020-2-18,-
solidEagle1,100762,Menikah,Wanita,FullTime,Software Engineer (Front End),Senior_level,Bagus,Jakarta Utara,Other,4,3.0,2.0,0.0,3.0,+6283334899xxx,solidEagle1834@icloud.com,Sarjana,1,,masih_bekerja,1979-04-16,2009-01-05,2020-02-08,-
gutturalRhino1,101345,Bercerai,Pria,FullTime,Software Engineer (Android),Mid_level,Biasa,Jakarta Pusat,Employee_Referral,3,4.0,5.0,0.0,19.0,+6283163515xxx,gutturalRhino1711@yahoo.com,Sarjana,1,,ganti_karir,1984-09-05,2014-12-01,2017-1-16,2014-8-19
sugaryIcecream2,105323,Lainnya,Pria,FullTime,Product Manager,Mid_level,Kurang,Jakarta Barat,Indeed,4,5.0,6.0,0.0,16.0,+6289687151xxx,sugaryIcecream2932@outlook.com,Sarjana,1,,masih_bekerja,1988-01-07,2015-01-05,2020-2-18,-
joyfulCockatoo5,110858,Menikah,Wanita,FullTime,Software Engineer (Back End),Mid_level,Bagus,Jakarta Timur,Google_Search,3,5.0,0.0,0.0,1.0,+6289989384xxx,joyfulCockatoo5977@hotmail.com,Magister,1,,masih_bekerja,1983-12-08,2013-9-30,2020-2-21,-
exactingBuck0,111318,Belum_menikah,Pria,Outsource,Software Engineer (Front End),Freshgraduate_program,Bagus,Jakarta Utara,LinkedIn,4,3.0,0.0,0.0,13.0,+6285917539xxx,exactingBuck0287@icloud.com,Magister,1,,masih_bekerja,1976-12-11,2013-9-30,2020-02-07,-
somberRelish9,106017,Belum_menikah,Pria,FullTime,Software Engineer (Back End),Freshgraduate_program,Kurang,Jakarta Pusat,Indeed,2,4.0,0.0,0.0,10.0,+6289511334xxx,somberRelish9280@gmail.com,Sarjana,1,,masih_bekerja,1976-01-19,2013-9-30,2020-1-23,-
aboardUnicorn8,106687,Belum_menikah,Pria,FullTime,Software Engineer (Back End),Mid_level,Bagus,Jakarta Timur,Indeed,3,3.0,0.0,0.0,6.0,+6281943118xxx,aboardUnicorn8967@outlook.com,Magister,1,,masih_bekerja,1968-01-15,2006-01-09,2020-01-04,-
jumpyCaviar5,106013,Lainnya,Wanita,Outsource,Software Engineer (Front End),Mid_level,Bagus,Jakarta Barat,Google_Search,3,5.0,0.0,0.0,2.0,+6285892182xxx,jumpyCaviar5364@icloud.com,Magister,1,,leadership,1989-11-11,2011-11-07,2014-3-30,2013-5-30
selfishDinosaur9,106314,Belum_menikah,Wanita,Outsource,Software Engineer (Back End),Freshgraduate_program,Kurang,Jakarta Pusat,Indeed,4,3.0,0.0,0.0,1.0,+6287866077xxx,selfishDinosaur9598@icloud.com,Magister,1,,masih_bekerja,1990-05-11,2013-9-30,2020-1-25,-
aloofChile5,105458,Belum_menikah,Pria,FullTime,Software Engineer (Back End),Freshgraduate_program,Bagus,Jakarta Timur,Indeed,4,3.0,0.0,0.0,14.0,+6287843062xxx,aloofChile5822@outlook.com,Sarjana,1,,masih_bekerja,1983-08-09,2016-1-28,2020-2-22,-
dopeyGatorade1,110836,Menikah,Pria,FullTime,Software Engineer (Back End),Freshgraduate_program,Biasa,Jakarta Barat,Diversity_Job_Fair,2,3.0,0.0,3.0,10.0,+6285806554xxx,dopeyGatorade1019@gmail.com,Sarjana,1,,,1964-10-12,2010-4-26,2012-03-06,-
giddyCod5,110980,Belum_menikah,Wanita,FullTime,Software Engineer (Android),Freshgraduate_program,Bagus,Jakarta Pusat,Employee_Referral,3,5.0,0.0,0.0,7.0,+6287822509xxx,giddyCod5287@proton.com,Doktor,1,,leadership,1966-03-22,2013-9-30,2020-2-22,2013-5-30
grudgingMeerkat3,106008,Belum_menikah,Wanita,Outsource,Software Engineer (Back End),Freshgraduate_program,Bagus,Jakarta Timur,CareerBuilder,3,4.0,0.0,0.0,4.0,+6285714869xxx,grudgingMeerkat3383@proton.com,Sarjana,1,,,1986-04-17,2011-01-10,2017-02-03,-
mellowPudding2,105441,Bercerai,Wanita,FullTime,Software Engineer (Back End),Senior_level,Bagus,Jakarta Selatan,Employee_Referral,4,4.0,0.0,0.0,3.0,+6281218824xxx,mellowPudding2026@outlook.com,Sarjana,1,,,1980-03-02,2012-03-05,2020-2-21,-
obsessedCake8,101666,Lainnya,Wanita,FullTime,Data Engineer,Mid_level,Sangat_bagus,Jakarta Utara,Indeed,3,3.0,0.0,0.0,18.0,+6281290438xxx,obsessedCake8683@yahoo.com,Magister,1,,kejelasan_karir,1965-05-07,2014-9-29,2020-1-28,2017-11-15
stressedMare5,105754,Belum_menikah,Pria,FullTime,Software Engineer (Back End),Freshgraduate_program,Biasa,Jakarta Selatan,Employee_Referral,1,5.0,0.0,4.0,7.0,+6281803209xxx,stressedMare5193@proton.com,Doktor,1,,tidak_bisa_remote,1975-07-07,2014-9-29,2020-1-28,2018-06-08
cheerfulPear0,100874,Lainnya,Wanita,FullTime,Software Engineer (Front End),Freshgraduate_program,Biasa,Jakarta Utara,CareerBuilder,4,5.0,0.0,0.0,17.0,+6285930735xxx,cheerfulPear0374@hotmail.com,Magister,1,,tidak_bisa_remote,1983-05-21,2011-2-21,2014-06-03,2018-04-01
excludedPoultry2,101560,Menikah,Wanita,FullTime,Software Engineer (Back End),Freshgraduate_program,Sangat_bagus,Jakarta Timur,CareerBuilder,4,4.0,0.0,0.0,20.0,+6289713525xxx,excludedPoultry2788@hotmail.com,Sarjana,1,,tidak_bisa_remote,1987-11-25,2009-10-26,2016-04-02,2014-8-19
boastfulSyrup4,100869,Lainnya,Pria,FullTime,Software Engineer (Front End),Freshgraduate_program,Sangat_bagus,Jakarta Timur,Employee_Referral,4,3.0,0.0,0.0,2.0,+6281209655xxx,boastfulSyrup4371@yahoo.com,Sarjana,1,,,1981-07-11,2015-06-02,2020-01-04,-
spiritedDunbird4,105997,Belum_menikah,Wanita,FullTime,DevOps Engineer,Mid_level,Kurang,Jakarta Barat,Indeed,3,3.0,5.0,0.0,2.0,+6281913444xxx,spiritedDunbird4070@icloud.com,Sarjana,1,,,1986-11-07,2015-01-05,2020-02-11,-
pridefulChamois9,101005,Menikah,Wanita,Outsource,Software Engineer (Back End),Senior_level,Biasa,Jakarta Selatan,LinkedIn,3,3.0,0.0,0.0,1.0,+6281276322xxx,pridefulChamois9218@proton.com,Sarjana,1,,,1969-09-08,2014-07-07,2020-01-11,-
jumpySeahorse6,110876,Belum_menikah,Pria,FullTime,Software Engineer (Back End),Freshgraduate_program,Sangat_bagus,Jakarta Utara,Indeed,3,5.0,5.0,0.0,8.0,+6281959858xxx,jumpySeahorse6149@gmail.com,Sarjana,1,,,1989-06-30,2017-4-20,2020-1-28,-
mercifulSmelt7,100520,Menikah,Pria,FullTime,Software Engineer (Front End),Freshgraduate_program,Bagus,Jakarta Timur,Indeed,3,3.0,6.0,0.0,2.0,+6283307603xxx,mercifulSmelt7471@proton.com,Sarjana,1,,,1985-09-05,2012-09-05,2020-2-27,-
jubilantWildfowl6,105889,Belum_menikah,Wanita,FullTime,Software Engineer (Front End),Senior_level,Sangat_kurang,Jakarta Barat,Google_Search,3,4.0,0.0,0.0,13.0,+6285783035xxx,jubilantWildfowl6521@yahoo.com,Sarjana,1,,,1977-03-23,2011-11-28,2020-2-22,-
insecureIcecream8,100620,Menikah,Wanita,FullTime,Software Engineer (Back End),Mid_level,Sangat_bagus,Jakarta Timur,Google_Search,4,5.0,0.0,0.0,1.0,+6289797498xxx,insecureIcecream8676@yahoo.com,Magister,1,,jam_kerja,1951-02-25,2011-04-04,2016-05-06,2017-11-15
chicSalami4,106555,Belum_menikah,Wanita,FullTime,Software Engineer (Front End),Freshgraduate_program,Biasa,Jakarta Timur,Website,4,3.0,5.0,0.0,2.0,+6285645161xxx,chicSalami4094@hotmail.com,Magister,1,,kejelasan_karir,1988-05-19,2015-05-01,2020-1-15,2018-06-08
hushedBobolink8,106392,Menikah,Wanita,FullTime,Software Engineer (Back End),Mid_level,Sangat_bagus,Jakarta Selatan,Website,3,5.0,0.0,0.0,9.0,+6285522082xxx,hushedBobolink8263@outlook.com,Sarjana,1,,Product Design (UI & UX),1988-08-29,2012-01-09,2020-02-01,2018-04-01
boredEggs0,106285,Lainnya,Wanita,FullTime,Software Engineer (Front End),Freshgraduate_program,Bagus,Jakarta Timur,Diversity_Job_Fair,3,3.0,0.0,0.0,12.0,+6285733263xxx,boredEggs0225@outlook.com,Sarjana,1,,jam_kerja,1967-06-03,2013-04-01,2020-2-13,2014-8-19
amazedRhino8,110412,Belum_menikah,Pria,FullTime,Software Engineer (Back End),Senior_level,Biasa,Jakarta Pusat,Indeed,3,3.0,0.0,0.0,14.0,+6289663000xxx,amazedRhino8622@gmail.com,Sarjana,1,,,1970-03-10,2013-9-30,2015-2-20,-
similarHeron2,100799,Belum_menikah,Wanita,FullTime,Software Engineer (Back End),Freshgraduate_program,Bagus,Jakarta Timur,CareerBuilder,4,4.0,0.0,0.0,7.0,+6281305913xxx,similarHeron2961@hotmail.com,Magister,1,,,1971-07-10,2014-07-07,2015-1-15,-
troubledQuiche5,106480,Menikah,Wanita,FullTime,Software Engineer (Front End),Mid_level,Sangat_bagus,Jakarta Pusat,Indeed,4,3.0,5.0,0.0,17.0,+6285896075xxx,troubledQuiche5924@icloud.com,Sarjana,1,,leadership,1972-11-21,2017-01-07,2020-02-06,2013-5-30
worldlyMackerel2,106383,Belum_menikah,Pria,FullTime,Software Engineer (Back End),Mid_level,Sangat_bagus,Jakarta Utara,Google_Search,4,3.0,0.0,0.0,13.0,+6289537268xxx,worldlyMackerel2662@hotmail.com,Sarjana,1,,,1988-03-06,2011-07-05,2013-2-20,-
soreTruffle3,105808,Lainnya,Wanita,Outsource,Software Engineer (Back End),Freshgraduate_program,Sangat_kurang,Jakarta Timur,Indeed,2,4.0,0.0,0.0,3.0,+6285636782xxx,soreTruffle3888@outlook.com,Magister,1,,,1980-05-08,2014-9-29,2020-02-07,-
spiritedHeron5,100815,Lainnya,Wanita,FullTime,Software Engineer (Front End),Freshgraduate_program,Bagus,Jakarta Pusat,Indeed,3,5.0,0.0,0.0,20.0,+6287739176xxx,spiritedHeron5223@yahoo.com,Magister,1,,,1989-09-22,2015-2-16,2020-1-25,-
affectedLemur7,100692,Belum_menikah,Wanita,FullTime,Software Engineer (Back End),Freshgraduate_program,Biasa,Jakarta Barat,Indeed,2,1.0,0.0,2.0,5.0,+6285717696xxx,affectedLemur7726@yahoo.com,Sarjana,1,,leadership,1989-08-25,2014-07-07,2020-2-25,2017-11-15
wakefulPolenta7,111356,Menikah,Wanita,Internship,Software Engineer (Back End),Freshgraduate_program,Sangat_bagus,Jakarta Selatan,LinkedIn,3,4.0,0.0,0.0,5.0,+6285978175xxx,wakefulPolenta7723@outlook.com,Doktor,1,,leadership,1986-07-20,2011-5-16,2015-5-13,2018-06-08
betrayedHeron3,110833,Belum_menikah,Pria,FullTime,Software Engineer (Back End),Senior_level,Biasa,Jakarta Timur,Diversity_Job_Fair,3,4.0,0.0,0.0,1.0,+6285814395xxx,betrayedHeron3360@hotmail.com,Sarjana,1,,kejelasan_karir,1969-09-29,2011-07-11,2020-2-18,2018-04-01
peacefulEggs3,106621,Belum_menikah,Pria,FullTime,Software Engineer (Android),Freshgraduate_program,Biasa,Jakarta Utara,LinkedIn,3,3.0,0.0,0.0,4.0,+6285683205xxx,peacefulEggs3191@yahoo.com,Magister,1,,leadership,1985-03-14,2014-2-17,2020-01-11,2014-8-19
boastfulDinosaur8,101147,Belum_menikah,Wanita,FullTime,Product Design (UI & UX),Freshgraduate_program,Biasa,Jakarta Pusat,Diversity_Job_Fair,4,4.0,0.0,0.0,17.0,+6281230982xxx,boastfulDinosaur8246@yahoo.com,Magister,1,,,1973-02-14,2011-11-07,2016-02-02,-
joyfulMandrill4,105401,Belum_menikah,Pria,FullTime,Machine Learning Engineer,Freshgraduate_program,Sangat_bagus,Jakarta Barat,LinkedIn,2,5.0,7.0,0.0,2.0,+6285916008xxx,joyfulMandrill4830@yahoo.com,Sarjana,1,,,1964-07-30,2014-2-17,2017-01-10,-
sincereBass4,101615,Bercerai,Pria,FullTime,Software Engineer (Front End),Freshgraduate_program,Biasa,Jakarta Pusat,Website,2,2.0,0.0,3.0,5.0,+6285679942xxx,sincereBass4134@yahoo.com,Sarjana,1,,,1974-05-09,2014-05-12,2020-1-17,-
annoyedSalt4,105685,Belum_menikah,Pria,FullTime,Software Engineer (Back End),Mid_level,Sangat_kurang,Jakarta Selatan,LinkedIn,3,5.0,0.0,0.0,8.0,+6283898937xxx,annoyedSalt4842@hotmail.com,Magister,1,,,1974-05-31,2014-11-10,2020-2-13,-
excludedCoconut6,101499,Belum_menikah,Pria,Outsource,Software Engineer (Android),Mid_level,Sangat_bagus,Jakarta Barat,Diversity_Job_Fair,3,4.0,6.0,0.0,8.0,+6287761474xxx,excludedCoconut6557@yahoo.com,Sarjana,1,,,1964-01-04,2012-01-09,2016-01-04,-
soreDunbird3,101434,Belum_menikah,Pria,Outsource,Data Engineer,Freshgraduate_program,Sangat_bagus,Jakarta Utara,LinkedIn,4,4.0,0.0,0.0,11.0,+6285615899xxx,soreDunbird3996@hotmail.com,Magister,1,,,1982-07-22,2011-5-16,2016-3-30,-
excludedPlover4,110746,Menikah,Wanita,FullTime,Software Engineer (Back End),Freshgraduate_program,Kurang,Jakarta Barat,Google_Search,3,3.0,0.0,0.0,6.0,+6281258404xxx,excludedPlover4963@yahoo.com,Magister,1,,,1983-11-08,2011-04-04,2013-01-07,-
ferventHyena2,101401,Belum_menikah,Pria,FullTime,Software Engineer (Back End),Mid_level,Biasa,Jakarta Barat,Employee_Referral,3,3.0,0.0,0.0,14.0,+6289997684xxx,ferventHyena2884@outlook.com,Sarjana,1,,,1961-06-19,2014-01-06,2020-01-07,-
cautiousTortoise1,110590,Lainnya,Wanita,Outsource,Software Engineer (Android),Senior_level,Kurang,Jakarta Barat,Indeed,4,3.0,0.0,0.0,1.0,+6289640533xxx,cautiousTortoise1671@yahoo.com,Sarjana,1,,,1978-11-05,2012-07-02,2020-2-25,-
affectedLollies9,106673,Bercerai,Wanita,FullTime,Software Engineer (Back End),Mid_level,Biasa,Jakarta Pusat,Indeed,4,4.0,0.0,0.0,1.0,+6289519764xxx,affectedLollies9935@proton.com,Sarjana,1,,,1965-05-09,2011-07-05,2017-03-02,-
crushedMallard7,110450,Menikah,Pria,FullTime,Software Engineer (Android),Freshgraduate_program,Bagus,Jakarta Barat,Indeed,3,5.0,0.0,0.0,15.0,+6289949044xxx,crushedMallard7339@outlook.com,Magister,1,,,1977-08-19,2011-04-04,2020-1-14,-
culturedMandrill6,100709,Menikah,Wanita,FullTime,Software Engineer (Back End),Freshgraduate_program,Biasa,Jakarta Utara,Indeed,1,5.0,4.0,4.0,19.0,+6282293404xxx,culturedMandrill6815@yahoo.com,Sarjana,1,,,1987-05-15,2011-05-02,2013-08-10,-
alertSyrup3,111486,Belum_menikah,Pria,FullTime,Software Engineer (Android),Mid_level,Biasa,Jakarta Utara,Google_Search,4,5.0,0.0,0.0,4.0,+6285607737xxx,alertSyrup3002@hotmail.com,Sarjana,1,,,1987-03-18,2011-04-04,2019-07-02,-
solidSheep7,106069,Belum_menikah,Wanita,Outsource,Product Design (UI & UX),Freshgraduate_program,Bagus,Jakarta Selatan,Indeed,4,3.0,0.0,0.0,20.0,+6281315242xxx,solidSheep7216@outlook.com,Magister,1,,leadership,1979-07-25,2013-01-07,2015-2-20,2017-11-15
kindEland7,105293,Belum_menikah,Wanita,FullTime,Data Analyst,Mid_level,Sangat_bagus,Jakarta Barat,Indeed,4,5.0,0.0,0.0,15.0,+6289783478xxx,kindEland7431@hotmail.com,Sarjana,1,,masih_bekerja,1988-09-27,2008-01-07,2020-01-03,-
outlyingCamel2,106467,Belum_menikah,Wanita,FullTime,Software Engineer (Back End),Mid_level,Biasa,Jakarta Timur,Employee_Referral,3,5.0,6.0,0.0,15.0,+6281380903xxx,outlyingCamel2337@icloud.com,Sarjana,1,,kejelasan_karir,1981-10-11,2015-2-16,2020-2-14,2018-04-01
morbidTruffle8,110725,Belum_menikah,Wanita,FullTime,Software Engineer (Back End),Mid_level,Sangat_bagus,Jakarta Selatan,Google_Search,2,3.0,0.0,0.0,16.0,+6289652194xxx,morbidTruffle8334@icloud.com,Sarjana,1,,jam_kerja,1955-04-14,2011-11-07,2017-02-04,2014-8-19
mereBaboon2,101023,Belum_menikah,Pria,FullTime,Software Engineer (Back End),Senior_level,Biasa,Jakarta Timur,Indeed,3,5.0,0.0,0.0,13.0,+6281244714xxx,mereBaboon2299@hotmail.com,Sarjana,1,,,1979-11-27,2013-8-19,2020-1-22,-
jumpyBuck8,100317,Belum_menikah,Wanita,FullTime,Data Analyst,Freshgraduate_program,Sangat_bagus,Jakarta Utara,Diversity_Job_Fair,4,3.0,0.0,0.0,4.0,+6287731679xxx,jumpyBuck8498@outlook.com,Magister,1,,toxic_culture,1970-02-11,2009-07-06,2020-1-25,2015-06-05
superiorLemur1,105736,Lainnya,Wanita,FullTime,Software Engineer (Android),Freshgraduate_program,Biasa,Jakarta Selatan,Google_Search,4,5.0,0.0,0.0,19.0,+6289967540xxx,superiorLemur1276@yahoo.com,Doktor,1,,,1981-03-16,2012-01-09,2020-1-29,-
boredTortoise1,100526,Bercerai,Pria,FullTime,Software Engineer (Back End),Senior_level,Biasa,Jakarta Barat,Indeed,3,4.0,0.0,0.0,6.0,+6283858649xxx,boredTortoise1055@hotmail.com,Magister,1,,,1978-11-25,2010-8-30,2012-05-04,-
grumpyFish5,100338,Belum_menikah,Pria,FullTime,Data Analyst,Mid_level,Kurang,Jakarta Selatan,Diversity_Job_Fair,4,4.0,5.0,0.0,9.0,+6282251549xxx,grumpyFish5094@icloud.com,Magister,1,,masih_bekerja,1988-07-04,2014-11-10,2020-2-25,-
similarCaviar3,105951,Lainnya,Wanita,FullTime,Software Engineer (Back End),Freshgraduate_program,Biasa,Jakarta Selatan,Indeed,3,3.0,0.0,0.0,6.0,+6283269904xxx,similarCaviar3516@icloud.com,Sarjana,1,,,1992-05-07,2015-06-05,2020-2-14,-
enviousPie8,100282,Belum_menikah,Pria,FullTime,Product Manager,Senior_level,Bagus,Jakarta Utara,Indeed,5,3.0,6.0,0.0,17.0,+6283303593xxx,enviousPie8891@hotmail.com,Sarjana,1,,,1975-05-05,2015-3-30,2017-2-24,-
finickySwift5,105296,Belum_menikah,Wanita,Outsource,Data Analyst,Freshgraduate_program,Biasa,Jakarta Utara,Google_Search,4,4.0,0.0,0.0,2.0,+6281213075xxx,finickySwift5808@icloud.com,Magister,1,,internal_conflict,1989-09-08,2011-07-11,2017-02-01,2017-6-25
similarTortoise9,101058,Lainnya,Pria,Outsource,Software Engineer (Back End),Freshgraduate_program,Bagus,Jakarta Timur,Employee_Referral,4,5.0,6.0,0.0,7.0,+6281216232xxx,similarTortoise9156@outlook.com,Magister,1,,,1986-04-23,2014-11-10,2020-01-07,-
chicPlover7,111572,Bercerai,Wanita,Outsource,Software Engineer (Front End),Freshgraduate_program,Sangat_bagus,Jakarta Timur,Diversity_Job_Fair,2,4.0,4.0,0.0,17.0,+6281366582xxx,chicPlover7178@hotmail.com,Sarjana,1,,,1987-06-14,2011-9-26,2014-8-15,-
pluckyRhino0,105574,Belum_menikah,Pria,FullTime,Software Engineer (Back End),Freshgraduate_program,Kurang,Jakarta Utara,Employee_Referral,4,3.0,4.0,0.0,5.0,+6283307754xxx,pluckyRhino0779@gmail.com,Sarjana,1,,,1965-09-09,2014-11-10,2020-01-02,-
betrayedLizard5,110865,Belum_menikah,Wanita,FullTime,Software Engineer (Back End),Freshgraduate_program,Biasa,Jakarta Pusat,LinkedIn,3,5.0,0.0,0.0,3.0,+6283843655xxx,betrayedLizard5694@gmail.com,Sarjana,1,,,1974-10-09,2013-8-19,2020-2-15,-
curiousMackerel5,100667,Belum_menikah,Wanita,FullTime,Software Engineer (Back End),Senior_level,Bagus,Jakarta Pusat,Google_Search,4,4.0,0.0,0.0,4.0,+6289758085xxx,curiousMackerel5858@hotmail.com,Sarjana,1,,,1973-11-28,2014-9-18,2020-1-15,-
cautiousLeopard7,101043,Bercerai,Pria,FullTime,Software Engineer (Front End),Freshgraduate_program,Sangat_bagus,Jakarta Utara,LinkedIn,2,3.0,0.0,0.0,3.0,+6283186563xxx,cautiousLeopard7395@yahoo.com,Magister,1,,,1977-11-10,2014-2-17,2020-02-06,-
peacefulKitten4,101525,Lainnya,Pria,Outsource,Software Engineer (Front End),Freshgraduate_program,Sangat_kurang,Jakarta Pusat,LinkedIn,3,3.0,5.0,0.0,2.0,+6283105380xxx,peacefulKitten4282@yahoo.com,Sarjana,yes,,kejelasan_karir,1987-12-17,2015-01-05,2016-4-20,2017-11-15
selfishBagels2,110658,Belum_menikah,Pria,FullTime,Software Engineer (Front End),Mid_level,Biasa,Jakarta Pusat,Indeed,3,5.0,5.0,0.0,4.0,+6281257867xxx,selfishBagels2421@gmail.com,Magister,1,,jam_kerja,1970-07-09,2014-01-05,2020-01-04,2018-06-08
mellowSalami5,100353,Belum_menikah,Pria,FullTime,Product Design (UI & UX),Freshgraduate_program,Bagus,Jakarta Utara,Google_Search,4,4.0,0.0,0.0,20.0,+6289799136xxx,mellowSalami5497@icloud.com,Sarjana,1,,jam_kerja,1981-10-18,2011-2-21,2018-04-05,2018-04-01
goofyMare7,101543,Bercerai,Wanita,FullTime,Software Engineer (Back End),Freshgraduate_program,Biasa,Jakarta Selatan,LinkedIn,4,4.0,0.0,0.0,15.0,+6289546076xxx,goofyMare7910@outlook.com,Magister,1,,jam_kerja,1985-08-24,2013-8-19,2020-2-15,2014-8-19
jubilantTeal7,106547,Lainnya,Pria,FullTime,DevOps Engineer,Freshgraduate_program,Bagus,Jakarta Barat,Employee_Referral,3,3.0,7.0,0.0,16.0,+6287898271xxx,jubilantTeal7049@hotmail.com,Magister,1,,,1970-02-08,2015-01-05,2020-1-14,-
importedJerky1,106093,Bercerai,Wanita,Outsource,Software Engineer (Front End),Freshgraduate_program,Sangat_bagus,Jakarta Utara,CareerBuilder,4,3.0,0.0,0.0,17.0,+6285715469xxx,importedJerky1918@yahoo.com,Sarjana,1,,,1979-01-17,2011-9-26,2018-07-02,-
crushedHyena6,111299,Lainnya,Wanita,FullTime,Machine Learning Engineer,Freshgraduate_program,Biasa,Jakarta Selatan,Indeed,4,5.0,0.0,0.0,5.0,+6285683201xxx,crushedHyena6043@yahoo.com,Sarjana,1,,,1985-11-23,2014-11-10,2020-1-16,-
mildChowder7,111643,Belum_menikah,Wanita,FullTime,Software Engineer (Back End),Mid_level,Sangat_kurang,Jakarta Pusat,Indeed,2,5.0,0.0,0.0,13.0,+6285951035xxx,mildChowder7653@yahoo.com,Sarjana,1,,jam_kerja,1968-08-15,2012-5-14,2020-1-31,2017-11-15
pitifulMallard6,111176,Bercerai,Wanita,Outsource,Product Manager,Mid_level,Sangat_kurang,Jakarta Selatan,Google_Search,3,5.0,4.0,0.0,14.0,+6281977529xxx,pitifulMallard6993@outlook.com,Magister,1,,jam_kerja,1987-11-07,2013-11-11,2020-1-14,2018-06-08
amazedMoth0,106363,-,Wanita,Internship,Software Engineer (Front End),Senior_level,Biasa,Jakarta Pusat,Indeed,3,5.0,0.0,0.0,12.0,+6285931209xxx,amazedMoth0683@outlook.com,Magister,1,0.0,jam_kerja,1986-08-17,2011-5-16,2014-01-10,2018-04-01
mereEland2,100583,Bercerai,Wanita,FullTime,Software Engineer (Front End),Senior_level,Sangat_bagus,Jakarta Selatan,LinkedIn,2,5.0,8.0,0.0,19.0,+6287819903xxx,mereEland2033@gmail.com,Magister,1,,kejelasan_karir,1952-01-18,2014-11-10,2020-02-12,2014-8-19
puzzledUnicorn3,101135,Menikah,Wanita,FullTime,Digital Product Manager,Freshgraduate_program,Sangat_kurang,Jakarta Timur,LinkedIn,4,4.0,0.0,0.0,15.0,+6289989448xxx,puzzledUnicorn3199@outlook.com,Sarjana,1,,,1976-12-26,2013-07-08,2017-06-10,-
soreGranola0,100821,Belum_menikah,Wanita,FullTime,Software Engineer (iOS),Freshgraduate_program,Bagus,Jakarta Pusat,LinkedIn,3,5.0,7.0,0.0,20.0,+6289565639xxx,soreGranola0345@icloud.com,Sarjana,1,,,1989-11-24,2015-3-30,2020-01-10,-
drearyLemur9,101114,Lainnya,Wanita,FullTime,Product Manager,Freshgraduate_program,Biasa,Jakarta Timur,Website,3,3.0,0.0,0.0,11.0,+6281279787xxx,drearyLemur9992@icloud.com,Magister,1,,,1981-10-26,2013-9-30,2020-1-21,-
wornoutDoughnut2,106442,Belum_menikah,Wanita,FullTime,Software Engineer (Front End),Freshgraduate_program,Sangat_bagus,Jakarta Utara,Google_Search,3,4.0,0.0,0.0,10.0,+6289528552xxx,wornoutDoughnut2488@outlook.com,Sarjana,1,,,1981-09-05,2011-9-26,2012-10-22,-
madSardines6,106459,Belum_menikah,Wanita,FullTime,Software Engineer (Front End),Freshgraduate_program,Biasa,Jakarta Pusat,Indeed,2,3.0,0.0,4.0,16.0,+6281393313xxx,madSardines6012@yahoo.com,Sarjana,1,,,1985-01-07,2011-01-10,2017-04-05,-
aloofBasmati5,106166,Belum_menikah,Wanita,FullTime,Software Engineer (Front End),Freshgraduate_program,Sangat_bagus,Jakarta Selatan,LinkedIn,4,4.0,0.0,0.0,16.0,+6287803460xxx,aloofBasmati5005@yahoo.com,Magister,1,,,1986-12-10,2011-07-05,2013-07-02,-
alertDoughnut7,110277,Belum_menikah,Pria,FullTime,Product Manager,Senior_level,Sangat_bagus,Jakarta Barat,LinkedIn,3,5.0,0.0,0.0,1.0,+6281316733xxx,alertDoughnut7481@yahoo.com,Magister,1,,,1983-07-10,2011-07-05,2020-1-17,-
mercifulCheetah9,106590,Belum_menikah,Pria,FullTime,Software Engineer (Back End),Freshgraduate_program,Sangat_bagus,Jakarta Barat,LinkedIn,3,4.0,5.0,0.0,13.0,+6281883291xxx,mercifulCheetah9150@proton.com,Sarjana,1,,,1983-02-09,2016-6-30,2020-1-14,-
sheepishOatmeal5,105963,Belum_menikah,Pria,FullTime,Software Engineer (Front End),Freshgraduate_program,Kurang,Jakarta Utara,Indeed,2,2.0,0.0,3.0,4.0,+6281933005xxx,sheepishOatmeal5286@yahoo.com,Magister,1,,,1976-11-15,2011-2-21,2013-04-12,-
dreadfulBobolink0,111680,Belum_menikah,Pria,FullTime,Software Engineer (Back End),Freshgraduate_program,Sangat_bagus,Jakarta Timur,Other,3,4.0,0.0,0.0,15.0,+6289697234xxx,dreadfulBobolink0484@proton.com,Magister,1,,,1975-09-16,2007-6-25,2011-7-14,-
importedOwl7,111336,Bercerai,Pria,FullTime,Software Engineer (Back End),Freshgraduate_program,Sangat_kurang,Jakarta Barat,Diversity_Job_Fair,4,5.0,3.0,0.0,13.0,+6285664605xxx,importedOwl7056@icloud.com,Magister,1,,,1979-02-20,2011-11-07,2016-8-16,-
peskyCoconut7,110287,Bercerai,Wanita,FullTime,Product Manager,Senior_level,Biasa,Jakarta Pusat,LinkedIn,2,3.0,0.0,0.0,3.0,+6281328735xxx,peskyCoconut7276@outlook.com,Sarjana,1,,,1988-09-19,2011-07-05,2013-5-15,-
awedBaboon6,100973,Belum_menikah,Wanita,FullTime,Software Engineer (Back End),Freshgraduate_program,Bagus,Jakarta Timur,LinkedIn,3,3.0,0.0,0.0,7.0,+6289931606xxx,awedBaboon6031@proton.com,Sarjana,1,,,1972-09-11,2012-11-05,2020-1-17,-
truthfulHawk9,106029,Menikah,Wanita,FullTime,Software Engineer (Back End),Senior_level,Biasa,Jakarta Selatan,Indeed,4,3.0,0.0,0.0,10.0,+6285919278xxx,truthfulHawk9561@yahoo.com,Sarjana,1,,,1954-09-21,2012-07-02,2020-1-17,-
bubblyPup4,100950,Menikah,Wanita,FullTime,Software Engineer (Back End),Freshgraduate_program,Sangat_bagus,Jakarta Selatan,LinkedIn,2,5.0,0.0,0.0,4.0,+6289922130xxx,bubblyPup4032@proton.com,Doktor,1,,,1984-03-11,2016-06-06,2020-1-18,-
adoringMacaw3,110492,Bercerai,Wanita,FullTime,Software Engineer (Back End),Freshgraduate_program,Biasa,Jakarta Barat,Indeed,2,4.0,0.0,0.0,11.0,+6285627455xxx,adoringMacaw3272@yahoo.com,Sarjana,1,,,1979-02-12,2014-05-12,2020-2-19,-
amusedIcecream0,111104,Menikah,Pria,FullTime,Product Design (UI & UX),Freshgraduate_program,Bagus,Jakarta Pusat,Google_Search,3,3.0,0.0,0.0,10.0,+6285622739xxx,amusedIcecream0506@outlook.com,Sarjana,1,,,1982-09-02,2012-5-14,2020-2-22,-
affectedPup0,100718,Belum_menikah,Wanita,FullTime,Software Engineer (Front End),Senior_level,Kurang,Jakarta Barat,LinkedIn,3,4.0,0.0,0.0,7.0,+6282244826xxx,affectedPup0249@outlook.com,Magister,1,,leadership,1987-09-27,2014-2-17,2020-01-07,2017-11-15
spiritedWeaver4,106225,Lainnya,Pria,FullTime,Product Manager,Mid_level,Biasa,Jakarta Selatan,LinkedIn,2,3.0,0.0,0.0,14.0,+6281336578xxx,spiritedWeaver4174@hotmail.com,Doktor,1,,jam_kerja,1992-08-17,2011-11-07,2020-01-08,2018-06-08
pluckyMacaw2,106518,Belum_menikah,Pria,FullTime,Software Engineer (Back End),Freshgraduate_program,Bagus,Jakarta Timur,CareerBuilder,3,3.0,0.0,0.0,13.0,+6285780582xxx,pluckyMacaw2231@icloud.com,Magister,1,,kejelasan_karir,1986-04-26,2010-8-30,2020-01-10,2018-04-01
exactingZebra6,106073,Belum_menikah,Pria,FullTime,Data Analyst,Mid_level,Sangat_bagus,Jakarta Utara,LinkedIn,4,5.0,0.0,0.0,13.0,+6283346575xxx,exactingZebra6270@icloud.com,Magister,1,,,1986-12-09,2012-07-09,2020-02-04,-
blissfulCow2,100331,Bercerai,Pria,FullTime,Product Manager,Freshgraduate_program,Bagus,Jakarta Utara,Diversity_Job_Fair,3,3.0,0.0,0.0,15.0,+6285922491xxx,blissfulCow2350@gmail.com,Sarjana,1,,,1974-02-21,2012-04-02,2017-05-06,-
peacefulChamois3,106257,Belum_menikah,Wanita,FullTime,Product Design (UI & UX),Freshgraduate_program,Bagus,Jakarta Pusat,LinkedIn,3,4.0,0.0,0.0,13.0,+6282208741xxx,peacefulChamois3574@icloud.com,Doktor,1,,,1980-04-18,2013-07-08,2020-1-22,-
anxiousTeal2,111378,Belum_menikah,Wanita,FullTime,Software Engineer (Back End),Mid_level,Bagus,Jakarta Timur,Employee_Referral,3,5.0,7.0,0.0,16.0,+6289567915xxx,anxiousTeal2015@gmail.com,Sarjana,1,,,1984-09-16,2014-11-10,2020-01-04,-
anxiousWasp6,100628,Bercerai,Pria,FullTime,Software Engineer (Front End),Freshgraduate_program,Sangat_bagus,Jakarta Pusat,Indeed,2,5.0,7.0,0.0,15.0,+6281806218xxx,anxiousWasp6788@outlook.com,Sarjana,1,,,1983-09-04,2017-2-15,2020-1-23,-
dopeySheep0,106034,Belum_menikah,Wanita,FullTime,Data Engineer,Mid_level,Bagus,Jakarta Pusat,Google_Search,2,5.0,0.0,0.0,16.0,+6283343465xxx,dopeySheep0297@icloud.com,Sarjana,1,,,1973-12-08,2011-9-26,2016-03-01,-
yearningPorpoise4,106254,-,Wanita,FullTime,Product Design (UI & UX),Freshgraduate_program,Biasa,Jakarta Timur,LinkedIn,4,5.0,0.0,0.0,11.0,+6281222782xxx,yearningPorpoise4421@yahoo.com,Sarjana,1,,jam_kerja,1974-12-01,2013-5-13,2020-1-28,2017-11-15
murkySausage9,110433,Menikah,Wanita,FullTime,Software Engineer (Front End),Senior_level,Biasa,Jakarta Pusat,Diversity_Job_Fair,2,5.0,0.0,0.0,17.0,+6285821950xxx,murkySausage9688@yahoo.com,Sarjana,1,1.0,ganti_karir,1969-10-30,2013-11-11,2020-1-21,2018-06-08
truthfulMoth4,110744,Belum_menikah,Pria,FullTime,Software Engineer (Android),Mid_level,Bagus,Jakarta Utara,Google_Search,4,5.0,0.0,0.0,20.0,+6287787391xxx,truthfulMoth4663@yahoo.com,Sarjana,1,0.0,kejelasan_karir,1981-10-01,2011-5-16,2014-04-05,2018-04-01
puzzledFish5,106214,Menikah,Pria,Internship,Data Analyst,Mid_level,Bagus,Jakarta Barat,Indeed,4,3.0,0.0,0.0,2.0,+6287722818xxx,puzzledFish5776@hotmail.com,Sarjana,1,,,1981-08-10,2012-8-16,2020-1-14,-